track_name,artist(s)_name,artist_count,released_year,released_month,released_day,streams,bpm,mode,danceability_%,valence_%,energy_%,acousticness_%,instrumentalness_%,liveness_%,speechiness_%
Seven (feat. Latto) (Explicit Ver.),"Latto, Jung Kook",2,2023,7,14,141381703,125,Major,80,89,83,31,0,8,4
LALA,Myke Towers,1,2023,3,23,133716286,92,Major,71,61,74,7,0,10,4
vampire,Olivia Rodrigo,1,2023,6,30,140003974,138,Major,51,32,53,17,0,31,6
Cruel Summer,Taylor Swift,1,2019,8,23,800840817,170,Major,55,58,72,11,0,11,15
WHERE SHE GOES,Bad Bunny,1,2023,5,18,303236322,144,Minor,65,23,80,14,63,11,6
Sprinter,"Dave, Central Cee",2,2023,6,1,183706234,141,Major,92,66,58,19,0,8,24
Ella Baila Sola,"Eslabon Armado, Peso Pluma",2,2023,3,16,725980112,148,Minor,67,83,76,48,0,8,3
Columbia,Quevedo,1,2023,7,7,58149378,100,Major,67,26,71,37,0,11,4
fukumean,Gunna,1,2023,5,15,95217315,130,Minor,85,22,62,12,0,28,9
La Bebe - Remix,"Peso Pluma, Yng Lvcas",2,2023,3,17,553634067,170,Minor,81,56,48,21,0,8,33
un x100to,"Bad Bunny, Grupo Frontera",2,2023,4,17,505671438,83,Minor,57,56,72,23,0,27,5
Super Shy,NewJeans,1,2023,7,7,58255150,150,Minor,78,52,82,18,0,15,7
Flowers,Miley Cyrus,1,2023,1,12,1316855716,118,Major,71,65,68,6,0,3,7
Daylight,David Kushner,1,2023,4,14,387570742,130,Minor,51,32,43,83,0,9,3
As It Was,Harry Styles,1,2022,3,31,2513188493,174,Minor,52,66,73,34,0,31,6
Kill Bill,SZA,1,2022,12,8,1163093654,89,Major,64,43,73,5,17,16,4
Cupid - Twin Ver.,Fifty Fifty,1,2023,2,24,496795686,120,Minor,78,76,59,43,0,34,3
"What Was I Made For? [From The Motion Picture ""Barbie""]",Billie Eilish,1,2023,7,13,30546883,78,Major,44,14,9,96,0,10,3
Classy 101,"Feid, Young Miko",2,2023,3,31,335222234,100,Major,86,67,66,14,0,12,16
Like Crazy,Jimin,1,2023,3,24,363369738,120,Major,63,36,73,0,0,36,4
LADY GAGA,"Gabito Ballesteros, Junior H, Peso Pluma",3,2023,6,22,86444842,140,Minor,65,87,74,22,0,42,4
I Can See You (TaylorÃ¯Â¿Â½Ã¯Â¿Â½Ã¯Â¿Â½s Version) (From The ,Taylor Swift,1,2023,7,7,52135248,123,Major,69,82,76,6,0,6,3
I Wanna Be Yours,Arctic Monkeys,1,2013,1,1,1297026226,135,Minor,48,44,42,12,2,11,3
"Peso Pluma: Bzrp Music Sessions, Vol. 55","Bizarrap, Peso Pluma",2,2023,5,31,200647221,133,Minor,85,81,67,26,0,12,5
Popular (with Playboi Carti & Madonna) - The Idol Vol. 1 (Music from the HBO Original Series),"The Weeknd, Madonna, Playboi Carti",3,2023,6,2,115364561,99,Major,85,83,68,7,0,36,20
SABOR FRESA,Fuerza Regida,1,2023,6,22,78300654,130,Minor,79,96,86,9,0,9,9
Calm Down (with Selena Gomez),"RÃ¯Â¿Â½Ã¯Â¿Â½ma, Selena G",2,2022,3,25,899183384,107,Major,80,82,80,43,0,14,4
MOJABI GHOST,"Tainy, Bad Bunny",2,2023,6,29,61245289,122,Minor,81,74,71,14,0,56,4
Last Night,Morgan Wallen,1,2023,1,31,429829812,204,Major,52,52,68,46,0,15,4
Dance The Night (From Barbie The Album),Dua Lipa,1,2023,5,25,127408954,110,Minor,67,78,85,2,0,33,5
Rush,Troye Sivan,1,2023,7,13,22581161,126,Minor,74,35,84,0,0,11,6
TULUM,"Peso Pluma, Grupo Frontera",2,2023,6,28,52294266,168,Major,56,63,87,39,0,11,5
Creepin',"The Weeknd, 21 Savage, Metro Boomin",3,2022,12,2,843957510,98,Minor,71,17,61,36,0,8,5
Anti-Hero,Taylor Swift,1,2022,10,21,999748277,97,Major,64,51,63,12,0,19,5
TQG,"Karol G, Shakira",2,2023,2,23,618990393,180,Minor,72,61,63,67,0,9,28
Los del Espacio,"Big One, Duki, Lit Killah, Maria Becerra, FMK, Rusherking, Emilia, Tiago pzk",8,2023,6,1,123122413,120,Major,81,63,68,11,0,11,4
FrÃ¯Â¿Â½Ã¯Â¿Â½gil (feat. Grupo Front,"Yahritza Y Su Esencia, Grupo Frontera",2,2023,4,7,188933502,150,Major,61,39,73,37,0,11,3
Blank Space,Taylor Swift,1,2014,1,1,1355959075,96,Major,75,57,68,9,0,13,6
Style,Taylor Swift,1,2014,1,1,786181836,95,Major,60,48,79,0,0,12,4
TQM,Fuerza Regida,1,2023,5,19,176553476,125,Minor,79,96,85,27,0,11,6
El Azul,"Junior H, Peso Pluma",2,2023,2,10,354495408,144,Minor,56,84,65,23,0,10,6
Sunflower - Spider-Man: Into the Spider-Verse,"Post Malone, Swae Lee",2,2018,10,9,2808096550,90,Major,76,91,50,54,0,7,5
I'm Good (Blue),"Bebe Rexha, David Guetta",2,2022,8,26,1109433169,128,Minor,56,38,97,4,0,35,4
See You Again,"Tyler, The Creator, Kali Uchis",3,2017,7,21,1047101291,79,Major,56,58,56,37,0,11,10
Barbie World (with Aqua) [From Barbie The Album],"Nicki Minaj, Aqua, Ice Spice",3,2023,6,23,65156199,144,Major,77,75,58,52,0,23,25
Angels Like You,Miley Cyrus,1,2020,11,27,570515054,122,Major,67,49,64,10,0,10,3
I Ain't Worried,OneRepublic,1,2022,5,13,1085685420,140,Major,71,82,81,11,0,6,5
Die For You,The Weeknd,1,2016,11,24,1647990401,134,Minor,59,51,52,9,0,15,7
Starboy,"The Weeknd, Daft Punk",2,2016,9,21,2565529693,186,Major,68,49,59,16,0,13,28
Die For You - Remix,"Ariana Grande, The Weeknd",2,2023,2,24,518745108,67,Minor,53,50,53,23,0,44,7
El Cielo,"Feid, Myke Towers, Sky Rompiendo",3,2023,6,2,107753850,106,Minor,72,17,64,7,0,10,5
Baby Don't Hurt Me,"David Guetta, Anne-Marie, Coi Leray",3,2023,4,6,177740666,128,Major,60,23,91,0,0,12,3
AMARGURA,Karol G,1,2023,2,24,153372011,107,Minor,92,55,70,18,0,15,7
(It Goes Like) Nanana - Edit,Peggy Gou,1,2023,6,15,57876440,130,Minor,67,96,88,12,19,8,4
Another Love,Tom Odell,1,2012,10,15,1813673666,123,Minor,45,13,54,70,0,9,4
Blinding Lights,The Weeknd,1,2019,11,29,3703895074,171,Major,50,38,80,0,0,9,7
Moonlight,Kali Uchis,1,2023,2,24,256483385,137,Minor,64,88,72,51,0,17,5
La Bachata,Manuel Turizo,1,2022,5,26,1214083358,125,Minor,84,85,68,58,0,22,4
S91,Karol G,1,2023,7,14,16011326,128,Minor,86,42,72,59,0,9,19
cardigan,Taylor Swift,1,2020,7,24,812019557,130,Minor,61,53,58,55,0,27,4
TÃ¯Â¿Â½Ã¯Â¿,"dennis, MC Kevin o Chris",2,2023,5,4,111947664,130,Major,86,59,96,50,1,9,5
Boy's a liar Pt. 2,"PinkPantheress, Ice Spice",2,2023,2,3,156338624,133,Major,70,86,81,25,0,25,5
Left and Right (Feat. Jung Kook of BTS),"Charlie Puth, BTS, Jung Kook",3,2022,6,24,720434240,101,Major,88,72,59,62,0,9,3
BESO,"Rauw Alejandro, ROSALÃ¯Â¿Â½",2,2023,3,24,357925728,95,Minor,77,53,64,74,0,17,14
Hey Mor,"Ozuna, Feid",2,2022,10,6,674072710,98,Minor,90,40,59,0,0,10,29
Yellow,Chris Molitor,1,1999,1,1,1755214421,173,Major,43,28,66,0,0,23,3
Karma,Taylor Swift,1,2022,10,21,404562836,90,Major,64,10,62,7,0,48,7
People,Libianca,1,2022,12,2,373199958,198,Minor,59,71,42,55,0,10,7
Overdrive,Post Malone,1,2023,7,14,14780425,140,Major,56,48,73,0,0,35,4
Enchanted (Taylor's Version),Taylor Swift,1,2023,7,7,39578178,82,Major,51,22,53,1,0,15,3
BABY HELLO,"Rauw Alejandro, Bizarrap",2,2023,6,23,54266102,130,Minor,77,84,89,17,0,43,5
Heat Waves,Glass Animals,1,2020,6,28,2557975762,81,Major,76,53,53,44,0,9,9
golden hour,JVKE,1,2022,7,15,751134527,94,Minor,51,14,59,65,18,25,3
Sweater Weather,The Neighbourhood,1,2012,5,14,2282771485,124,Major,61,41,81,5,2,10,3
"Quevedo: Bzrp Music Sessions, Vol. 52","Bizarrap, Quevedo",2,2022,7,6,1356565093,128,Major,62,55,78,1,3,23,4
Viva La Vida,Coldplay,1,2008,1,1,1592909789,138,Minor,49,42,62,9,0,11,3
Here With Me,d4vd,1,2022,7,17,635412045,132,Major,58,27,48,50,0,12,3
Unholy (feat. Kim Petras),"Sam Smith, Kim Petras",2,2022,9,22,1230675890,131,Major,71,24,47,1,0,27,9
Yandel 150,"Yandel, Feid",2,2022,12,20,585695368,168,Minor,78,58,73,5,0,10,7
CORAZÃ¯Â¿Â½Ã¯Â¿Â½N VA,Maria Becerra,1,2023,6,22,43857627,98,Major,68,40,79,33,0,30,6
Riptide,Vance Joy,1,1975,1,1,2009094673,102,Major,48,50,73,43,0,15,4
Until I Found You (with Em Beihold) - Em Beihold Version,"Em Beihold, Stephen Sanchez",2,2022,4,22,600976848,101,Major,34,32,57,78,0,20,3
Novidade na Ã¯Â¿Â½Ã¯Â¿,"Mc Livinho, DJ Matt D",2,2023,6,23,39709092,130,Major,63,36,34,76,0,35,9
Back To December (Taylor's Version),Taylor Swift,1,2023,7,7,39228929,142,Major,50,20,64,1,0,12,3
STAY (with Justin Bieber),"Justin Bieber, The Kid Laroi",2,2021,7,9,2665343922,170,Major,59,48,76,4,0,10,5
El Merengue,"Marshmello, Manuel Turizo",2,2023,3,3,223633238,124,Minor,78,70,68,3,1,11,4
Someone You Loved,Lewis Capaldi,1,2018,11,8,2887241814,110,Major,50,45,41,75,0,11,3
Me Porto Bonito,"Chencho Corleone, Bad Bunny",2,2022,5,6,1440757818,92,Minor,91,43,71,9,0,9,8
Makeba,Jain,1,2015,6,22,165484133,116,Major,82,40,66,39,51,25,7
MONTAGEM - FR PUNK,"Ayparia, unxbected",2,2012,6,20,58054811,129,Major,63,84,82,70,8,9,7
Fast Car,Luke Combs,1,2023,3,24,157058870,98,Major,71,67,60,19,0,12,3
What It Is (Solo Version),Doechii,1,2023,3,17,95131998,172,Minor,74,76,76,6,0,10,9
Coco Chanel,"Bad Bunny, Eladio Carrion",2,2023,3,17,250305248,150,Major,68,14,76,4,0,10,4
DonÃ¯Â¿Â½Ã¯Â¿Â½Ã¯Â¿Â½t Bl,Taylor Swift,1,2017,11,8,685032533,136,Minor,62,19,53,11,0,6,4
Still With You,Jung Kook,1,2020,6,5,38411956,88,Minor,53,34,47,9,0,83,4
All My Life (feat. J. Cole),"J. Cole, Lil Durk",2,2023,5,12,144565150,143,Major,83,69,44,15,0,10,33
Say Yes To Heaven,Lana Del Rey,1,2023,3,17,127567540,100,Minor,49,17,35,71,9,11,3
Snooze,SZA,1,2022,12,9,399686758,143,Major,56,39,55,14,0,11,13
Summertime Sadness,Lana Del Rey,1,2011,1,1,983637508,112,Minor,56,24,66,7,0,12,3
Take Two,BTS,1,2023,6,9,118482347,93,Major,62,57,59,3,0,38,3
Lover,Taylor Swift,1,2012,1,1,882831184,206,Major,43,50,55,50,0,15,10
Too Many Nights (feat. Don Toliver & with Future),"Future, Metro Boomin, Don Toliver",3,2022,12,2,286400165,88,Minor,68,17,71,15,0,11,5
Chemical,Post Malone,1,2023,4,14,172825906,170,Major,50,37,90,0,0,12,5
Mockingbird,Eminem,1,2004,1,1,1241559043,84,Minor,62,24,67,21,0,13,28
New Jeans,NewJeans,1,2023,7,7,29562220,134,Minor,81,53,72,51,0,12,5
Primera Cita,Carin Leon,1,2022,4,20,77309611,158,Major,54,50,40,61,0,10,6
Cold Heart - PNAU Remix,"Dua Lipa, Elton John, Pnau",3,2017,11,10,1605224506,116,Major,80,92,80,4,0,10,3
Dandelions,Ruth B.,1,2017,4,28,1116995633,117,Major,61,45,69,2,0,9,3
Bones,Imagine Dragons,1,2021,3,11,838079900,114,Minor,77,65,72,2,0,7,5
Set Fire to the Rain,Adele,1,2011,1,1,1163620694,108,Minor,61,47,68,0,0,13,3
Money Trees,"Kendrick Lamar, Jay Rock",2,2012,1,1,1093605526,144,Minor,74,37,53,7,0,21,10
Tak Segampang Itu,Anggi Marito,1,2022,12,2,179659294,130,Major,51,18,44,76,0,11,3
LAGUNAS,"Jasiel NuÃ¯Â¿Â½Ã¯Â¿Â½ez, Peso P",2,2023,6,22,39058561,116,Major,77,79,62,33,1,15,3
Mine (Taylor's Version),Taylor Swift,1,2023,7,7,36912123,121,Major,65,49,78,0,0,17,4
Everybody Wants To Rule The World,Tears For Fears,1,1985,2,17,1205951614,112,Major,64,54,81,36,0,11,6
No Role Modelz,J. Cole,1,2014,12,9,1791000570,100,Minor,70,47,52,30,0,6,33
Tattoo,Loreen,1,2023,2,25,201660859,150,Minor,55,30,78,24,0,12,8
Rara Vez,"Taiu, Milo j",2,2023,2,8,248088961,120,Minor,84,96,71,18,0,34,17
VAGABUNDO,"Sebastian Yatra, Manuel Turizo, BeÃ¯Â¿Â½Ã¯",3,2023,5,12,90839753,127,Minor,82,89,85,4,0,23,6
august,Taylor Swift,1,2020,7,24,607123776,90,Major,51,42,61,53,0,9,3
LUNA,"Junior H, Peso Pluma",2,2023,6,22,55842345,128,Minor,75,79,63,33,0,15,4
Miracle (with Ellie Goulding),"Calvin Harris, Ellie Goulding",2,2023,3,10,211050784,143,Major,64,31,87,4,4,8,4
Nonsense,Sabrina Carpenter,1,2022,7,15,342897938,139,Major,74,68,68,3,0,26,4
Que Vuelvas,"Carin Leon, Grupo Frontera",2,2022,12,9,2762,162,Major,49,78,64,19,0,11,4
Por las Noches,Peso Pluma,1,2021,6,11,330346424,92,Major,81,39,60,31,0,7,3
Feliz CumpleaÃ¯Â¿Â½Ã¯Â¿Â½os Fe,Feid,1,2022,8,19,601863821,95,Major,87,57,55,10,0,29,7
Can't Hold Us (feat. Ray Dalton),"Ray Dalton, Ryan Lewis, Macklemore",3,2011,8,16,1953533826,146,Major,63,88,93,3,0,10,8
Watermelon Sugar,Harry Styles,1,2019,11,17,2322580122,95,Major,55,56,82,12,0,34,5
lovely - Bonus Track,"Billie Eilish, Khalid",2,2017,8,11,2355719893,115,Minor,35,12,30,93,0,10,3
"Rauw Alejandro: Bzrp Music Sessions, Vol. 56","Rauw Alejandro, Bizarrap",2,2023,6,21,66902503,128,Major,78,59,65,10,0,26,5
Queencard,(G)I-DLE,1,2023,5,15,96273746,130,Minor,82,69,83,3,0,27,5
OMG,NewJeans,1,2023,1,2,430977451,127,Minor,80,74,77,36,0,11,4
Radio,Lana Del Rey,1,2011,1,1,284819874,150,Major,42,20,86,21,0,9,9
"Shakira: Bzrp Music Sessions, Vol. 53","Shakira, Bizarrap",2,2023,1,11,721975598,122,Minor,78,50,63,27,0,9,5
505,Arctic Monkeys,1,2007,4,20,1217120710,140,Major,52,20,85,0,0,7,5
"Calling (Spider-Man: Across the Spider-Verse) (Metro Boomin & Swae Lee, NAV, feat. A Boogie Wit da Hoodie)","Swae Lee, A Boogie Wit da Hoodie, Metro Boomin, NAV",4,2023,6,2,109276132,140,Major,63,22,54,46,0,12,8
Trance (with Travis Scott & Young Thug),"Travis Scott, Young Thug, Metro Boomin",3,2022,12,2,276259178,119,Minor,75,48,53,18,0,18,34
"Tere Vaaste (From ""Zara Hatke Zara Bachke"")","Sachin-Jigar, Shadab Faridi, Altamash Faridi, Amitabh Bhattacharya, Varun Jain",5,2023,5,22,54225632,110,Minor,76,96,72,32,0,9,4
Perfect,Ed Sheeran,1,2017,1,1,2559529074,95,Major,60,17,45,16,0,11,2
Romantic Homicide,d4vd,1,2022,7,20,681583126,132,Major,56,20,55,45,1,32,3
Believer,Imagine Dragons,1,2017,1,31,2594040133,125,Minor,77,74,78,4,0,23,11
Novo BalanÃ¯Â¿Â½,"Veigh, Bvga Beatz, Supernova Ent, Prod Malax",4,2023,5,19,81102253,124,Minor,84,65,50,67,0,13,6
"Gol Bolinha, Gol Quadrado 2","Mc Pedrinho, DJ 900",2,2023,6,1,11956641,133,Minor,93,68,65,42,0,12,25
Without Me,Eminem,1,2002,1,1,1687664027,112,Major,92,67,66,0,0,36,9
QUEMA,"Sog, Ryan Castro, Peso Pluma",3,2023,7,13,11599388,97,Major,79,92,89,5,0,6,5
Stargirl Interlude,"The Weeknd, Lana Del Rey",2,2016,11,24,611700552,90,Minor,59,52,48,38,5,10,11
Ojitos Lindos,"Bomba EstÃ¯Â¿Â½Ã¯Â¿Â½reo, Bad B",2,2022,5,6,1133865788,80,Minor,65,27,69,8,0,53,4
Somewhere Only We Know,Keane,1,2004,1,1,1089402494,172,Major,45,33,59,6,0,8,3
Those Eyes,New West,1,2019,5,10,411747614,120,Major,60,24,35,73,0,31,3
El Gordo Trae El Mando,Chino Pacas,1,2023,1,27,255932395,140,Minor,74,96,80,18,0,5,5
Mi Bello Angel,Natanael Cano,1,2023,6,30,31873544,128,Minor,81,90,77,1,0,9,5
Bye,Peso Pluma,1,2023,5,26,95053634,122,Major,78,70,81,57,0,10,5
Danza Kuduro,"Don Omar, Lucenzo",2,2010,1,1,1279434863,130,Major,47,86,92,8,0,5,24
Nosso Quadro,"Ana Castela, AgroPlay",2,2023,2,2,233801632,160,Major,69,61,71,33,0,31,20
Locked Out Of Heaven,Bruno Mars,1,2012,12,5,1481349984,144,Major,73,87,70,6,0,28,5
Un Finde | CROSSOVER #2,"Big One, FMK, Ke personajes",3,2023,4,4,142095275,192,Major,50,85,52,11,0,28,6
Jimmy Cooks (feat. 21 Savage),"Drake, 21 Savage",2,2022,6,17,618885532,163,Major,54,40,67,0,0,9,17
Counting Stars,OneRepublic,1,2013,1,1,2011464183,122,Minor,66,48,71,6,0,12,4
Ghost,Justin Bieber,1,2021,3,19,1167330737,154,Major,61,41,74,21,0,40,6
Under The Influence,Chris Brown,1,2019,10,4,929964809,117,Minor,73,31,69,6,0,11,4
PRC,"Natanael Cano, Peso Pluma",2,2023,1,23,436027885,138,Minor,78,89,83,10,0,12,5
Gasolina,Daddy Yankee,1,2004,7,13,657723613,96,Major,86,74,80,33,0,8,6
One Dance,"Drake, WizKid, Kyla",3,2016,4,4,2713922350,104,Major,77,36,63,1,0,36,5
Enchanted,Taylor Swift,1,2010,1,1,621660989,164,Major,45,24,62,8,0,16,3
Save Your Tears,The Weeknd,1,2020,3,20,1591223784,118,Major,68,61,82,2,0,50,3
Sure Thing,Miguel,1,2010,5,25,950906471,81,Minor,68,51,60,3,0,19,10
Every Breath You Take - Remastered 2003,The Police,1,1983,1,6,1593270737,117,Major,82,73,45,54,0,7,3
The Night We Met,Lord Huron,1,2015,2,2,1410088830,174,Major,45,10,37,97,25,64,4
We Found Love,"Rihanna, Calvin Harris",2,2011,1,1,1235005533,128,Major,73,60,77,3,0,11,4
When I Was Your Man,Bruno Mars,1,2012,12,5,1661187319,145,Major,60,43,27,94,0,14,4
Let Me Down Slowly,Alec Benjamin,1,2018,5,25,1374581173,150,Minor,65,51,55,73,0,14,3
"Am I Dreaming (Metro Boomin & A$AP Rocky, Roisee)","A$AP Rocky, Metro Boomin, Roisee",3,2023,6,2,94186466,90,Minor,60,13,53,4,0,21,4
Do I Wanna Know?,Arctic Monkeys,1,2013,1,1,1788326445,85,Major,55,42,53,17,0,22,3
Demons,Imagine Dragons,1,2012,1,1,1840364617,180,Major,33,38,71,20,0,28,5
Ã½Ã½Ã½Ã½Ã½Ã½Ã½Ã½Ã½Ã½Ã½Ã½,YOASOBI,1,2023,4,12,143573775,166,Major,57,84,94,11,0,37,9
Reminder,The Weeknd,1,2016,11,25,684675814,160,Major,71,40,50,16,0,16,22
Shake It Off,Taylor Swift,1,2014,1,1,1113838873,160,Major,65,95,80,5,0,41,16
Why'd You Only Call Me When You're High?,Arctic Monkeys,1,2013,1,1,1267333350,92,Major,70,81,63,4,0,8,4
SNAP,Rosa Linn,1,2022,3,19,726307468,170,Major,56,53,64,11,0,45,6
Shape of You,Ed Sheeran,1,2017,1,6,3562543890,96,Minor,83,93,65,58,0,9,8
Night Changes,One Direction,1,2014,11,17,1131090940,120,Major,67,40,52,86,0,12,4
Fin de Semana,"Oscar Maydon, Junior H",2,2023,1,13,307370144,98,Major,70,37,54,6,0,9,8
Creep,Radiohead,1,1992,9,21,1271293243,92,Major,53,12,34,1,0,12,4
Car's Outside,James Arthur,1,2019,10,18,265882712,150,Major,34,24,56,4,0,11,3
Apocalypse,Cigarettes After Sex,1,2017,3,21,841749534,94,Major,37,17,47,2,46,11,3
Cheques,Shubh,1,2023,5,19,47956378,90,Minor,74,36,63,26,0,27,5
Pink + White,Frank Ocean,1,2016,8,20,806397070,160,Major,54,54,55,67,0,42,11
Circles,Post Malone,1,2019,8,30,2132335812,120,Major,70,59,75,24,0,9,4
Just The Way You Are,Bruno Mars,1,2010,1,1,1641426668,109,Major,63,46,85,1,0,9,5
Take Me To Church,Hozier,1,2013,9,13,2135158446,129,Minor,57,41,66,63,0,12,5
Bebe Dame,"Fuerza Regida, Grupo Frontera",2,2022,12,16,367316268,157,Major,54,75,60,30,0,7,5
You Belong With Me (TaylorÃ¯Â¿Â½Ã¯Â¿Â½Ã¯Â¿Â½s Ve,Taylor Swift,1,2021,4,9,350381515,130,Major,63,49,73,5,0,9,3
Titi Me PreguntÃ¯Â¿,Bad Bunny,1,2022,5,6,1264310836,107,Minor,65,19,72,10,0,13,25
Better Than Revenge (Taylor's Version),Taylor Swift,1,2023,7,7,30343206,146,Minor,50,67,89,0,0,19,8
Shut up My Moms Calling,Hotel Ugly,1,2020,2,10,405136812,139,Minor,48,37,41,32,0,10,10
Have You Ever Seen The Rain?,Creedence Clearwater Revival,1,1968,7,1,1145727611,116,Major,74,76,70,7,0,13,3
Es un Secreto,Plan B,1,2010,7,20,540654286,95,Minor,84,52,77,12,0,7,4
POLARIS - Remix,"Feid, Mora, Saiko, Quevedo",4,2023,6,8,57312735,170,Minor,62,55,80,15,0,37,7
Ditto,NewJeans,1,2022,12,19,397582059,134,Minor,81,18,64,3,0,10,11
Take On Me,a-ha,1,1984,10,19,1479115056,84,Minor,57,86,90,2,0,9,5
"Annihilate (Spider-Man: Across the Spider-Verse) (Metro Boomin & Swae Lee, Lil Wayne, Offset)","Swae Lee, Lil Wayne, Offset, Metro Boomin",4,2023,6,2,86773632,146,Minor,61,20,48,21,0,12,6
"Angel Pt 1 (feat. Jimin of BTS, JVKE & Muni Long)","Kodak Black, NLE Choppa, Muni Long, JVKE, Jimin",5,2023,5,1,133753727,74,Minor,53,24,67,11,0,10,28
AcrÃ¯Â¿Â½Ã¯Â¿Â½s,Shakira,1,2023,5,11,123124076,144,Major,75,35,48,84,0,10,12
AMG,"Natanael Cano, Gabito Ballesteros, Peso Pluma",3,2022,11,24,463564958,136,Minor,77,79,73,15,0,27,10
"Phir Aur Kya Chahiye (From ""Zara Hatke Zara Bachke"")","Arijit Singh, Sachin-Jigar, Amitabha Bhattacharya",3,2023,5,15,64533040,100,Major,56,53,55,53,0,12,4
S-Class,Stray Kids,1,2023,6,2,65496046,105,Minor,89,67,78,9,0,7,33
Hits Different,Taylor Swift,1,2023,5,26,68616963,106,Major,67,24,78,15,0,30,4
Chanel,"Becky G, Peso Pluma",2,2023,3,30,161460990,132,Major,85,53,68,40,0,9,4
Self Love (Spider-Man: Across the Spider-Verse) (Metro Boomin & Coi Leray),"Metro Boomin, Coi Leray",2,2023,6,2,70106975,120,Major,78,5,30,21,0,13,5
Area Codes,"Kaliii, Kaliii",2,2023,3,17,113509496,155,Major,82,51,39,2,0,9,49
Abcdario,"Junior H, Eden MuÃ¯Â¿Â½Ã¯",2,2023,5,13,89933133,129,Major,70,42,43,78,0,11,3
Obsessed,"Abhijay Sharma, Riar Saab",2,2022,9,29,71007139,135,Minor,80,85,74,62,0,8,9
PiÃ¯Â¿Â½Ã¯Â¿Â½man DeÃ¯Â¿,"Semicenk, DoÃ¯Â¿Â½Ã¯Â¿Â½u ",2,2023,6,2,43522589,98,Minor,73,45,62,28,0,13,13
FLOWER,JISOO,1,2023,3,31,232896922,124,Minor,84,64,39,3,0,11,4
"All The Way Live (Spider-Man: Across the Spider-Verse) (Metro Boomin & Future, Lil Uzi Vert)","Future, Lil Uzi Vert, Metro Boomin",3,2023,6,2,37126685,135,Minor,77,28,55,18,0,22,15
Eyes Closed,Ed Sheeran,1,2023,3,23,195576623,107,Major,78,39,53,30,0,11,6
Escapism.,"RAYE, 070 Shake",2,2022,10,12,532336353,96,Major,54,25,74,14,0,9,11
La Jumpa,"Arcangel, Bad Bunny",2,2022,11,30,538115192,123,Major,71,58,70,30,0,32,19
Karma (feat. Ice Spice),"Taylor Swift, Ice Spice",2,2023,5,26,46142772,90,Major,62,7,62,6,0,58,6
Superhero (Heroes & Villains) [with Future & Chris Brown],"Future, Chris Brown, Metro Boomin",3,2022,12,2,401036314,117,Minor,72,45,59,14,0,20,21
Las Morras,"BLESSD, Peso Pluma",2,2023,4,4,127026613,133,Minor,78,90,84,31,0,7,4
CHORRITO PA LAS ANIMAS,Feid,1,2022,12,2,345031710,96,Minor,74,61,83,11,0,35,6
Ch y la Pizza,"Fuerza Regida, Natanael Cano",2,2022,12,1,288101651,149,Major,66,85,60,40,0,14,13
Snow On The Beach (feat. More Lana Del Rey),"Lana Del Rey, Taylor Swift",2,2023,5,26,60350538,110,Minor,66,32,40,81,0,11,3
Players,Coi Leray,1,2022,11,30,335074782,105,Major,95,62,52,3,0,5,16
Bite Me,ENHYPEN,1,2023,5,22,76767396,105,Major,80,69,78,28,0,11,14
Stand By Me (feat. Morgan Wallen),"Lil Durk, Morgan Wallen",2,2023,5,26,46065667,134,Major,76,61,58,6,0,16,3
Normal,Feid,1,2022,7,8,459276435,170,Minor,71,59,56,4,0,27,12
Hummingbird (Metro Boomin & James Blake),"James Blake, Metro Boomin",2,2023,6,2,39666245,81,Major,59,26,60,46,1,25,13
Seu Brilho Sumiu - Ao Vivo,"Israel & Rodolffo, Mari Fernandez",2,2023,3,1,138517666,154,Major,63,75,92,31,0,91,5
Bad Habit,Steve Lacy,1,2022,6,29,822633917,169,Major,69,69,51,63,0,38,4
CUFF IT,BeyoncÃ¯Â¿,1,2022,7,29,595900742,115,Major,78,64,69,4,0,7,14
Lilith (feat. SUGA of BTS) (Diablo IV Anthem),"Halsey, Suga",2,2023,6,5,51985779,84,Minor,43,14,74,1,0,19,8
69,"Nicky Jam, Feid",2,2023,5,18,57945987,93,Major,79,58,62,11,0,11,23
NiÃ¯Â¿Â½Ã¯Â¿Â½a Bo,"Sean Paul, Feid",2,2023,4,21,115010040,91,Major,82,47,62,10,0,10,15
Search & Rescue,Drake,1,2023,4,7,175097833,142,Minor,82,54,44,6,0,33,7
AMERICA HAS A PROBLEM (feat. Kendrick Lamar),"Kendrick Lamar, BeyoncÃ¯Â¿",2,2023,5,19,57089066,126,Major,78,20,70,1,0,16,4
Lavender Haze,Taylor Swift,1,2022,10,21,488386797,97,Major,73,10,44,26,0,16,8
"Link Up (Metro Boomin & Don Toliver, Wizkid feat. BEAM & Toian) - Spider-Verse Remix (Spider-Man: Across the Spider-Verse )","WizKid, Toian, Metro Boomin, Don Toliver, Beam",5,2023,6,2,32761689,101,Major,92,59,51,41,51,26,8
Efecto,Bad Bunny,1,2022,5,6,1047480053,98,Minor,80,23,48,14,0,6,5
Erro Gostoso - Ao Vivo,Simone Mendes,1,2023,1,27,153454328,154,Major,59,63,89,18,0,80,9
Cupido,Tini,1,2023,2,14,217672943,120,Major,91,63,58,52,0,31,22
Just Wanna Rock,Lil Uzi Vert,1,2022,10,17,457184829,150,Major,49,4,55,7,0,6,3
Unstoppable,Sia,1,2016,1,21,939844851,174,Major,47,27,78,11,0,10,8
Until I Found You,Stephen Sanchez,1,2021,9,1,726434358,202,Major,34,25,51,69,0,18,4
Rich Flex,"Drake, 21 Savage",2,2022,11,4,573633020,153,Minor,56,42,52,5,0,36,24
Easy On Me,Adele,1,2021,10,14,1406111294,142,Major,60,13,37,58,0,13,3
CartÃ¯Â¿Â½Ã¯Â¿Â½o B,"MC Caverinha, KayBlack",2,2023,5,11,71573339,108,Minor,84,55,47,26,0,20,64
Danger (Spider) (Offset & JID),"Offset, JID",2,2023,6,2,24975653,143,Major,83,25,69,4,0,23,12
Oi Balde - Ao Vivo,ZÃ¯Â¿Â½Ã¯Â¿Â½ Neto & Crist,1,2023,2,14,145458418,108,Major,67,55,67,60,0,80,5
The Real Slim Shady,Eminem,1,2000,1,1,1424589568,104,Minor,95,78,66,3,0,4,6
MERCHO,"Migrantes, LiL CaKe, Nico Valdi",3,2022,12,16,231332117,93,Minor,84,96,79,43,0,18,11
The Color Violet,Tory Lanez,1,2021,12,10,415932686,105,Minor,65,46,53,16,0,9,5
Glimpse of Us,Joji,1,2022,6,10,988515741,170,Major,44,27,32,89,0,14,5
Mejor Que Yo,"Mambo Kingz, DJ Luian, Anuel Aa",3,2023,5,4,50847624,178,Minor,62,56,66,18,0,12,5
Curtains,Ed Sheeran,1,2023,5,5,39893489,176,Minor,50,44,76,10,0,32,5
UNFORGIVEN (feat. Nile Rodgers),"Nile Rodgers, LE SSERAFIM",2,2023,5,1,92035115,104,Minor,80,38,88,11,0,11,5
Haegeum,Agust D,1,2023,4,21,118810253,85,Major,70,83,84,31,0,47,30
ConexÃ¯Â¿Â½Ã¯Â¿Â½es de MÃ¯Â¿Â½Ã¯Â¿Â½fia (feat. Rich ,"Rich The Kid, MatuÃ¯Â¿",2,2023,4,30,77233241,117,Minor,77,69,58,39,0,26,5
MIENTRAS ME CURO DEL CORA,Karol G,1,2023,2,24,206399629,80,Major,52,57,48,86,0,15,39
Never Felt So Alone,Labrinth,1,2023,4,7,117747907,98,Major,44,36,41,50,0,38,5
X SI VOLVEMOS,"Karol G, Romeo Santos",2,2023,2,2,266624541,178,Minor,79,58,78,34,0,11,25
ceilings,Lizzy McAlpine,1,2022,4,8,293186992,148,Major,51,27,33,48,0,22,3
Cupid,Fifty Fifty,1,2023,2,24,139681964,120,Major,77,94,66,65,0,38,3
I AM,IVE,1,2023,4,10,123132751,122,Minor,68,38,88,1,0,8,5
Cupid Ã¯Â¿Â½Ã¯Â¿Â½Ã¯Â¿Â½ Twin Ver. (FIFTY FIFTY) Ã¯Â¿Â½Ã¯Â¿Â½Ã¯Â¿Â½ Spe,sped up 8282,1,1997,1,1,103762518,144,Major,74,75,73,42,0,9,4
Shorty Party,"Cartel De Santa, La Kelly",2,2023,3,4,162887075,96,Major,93,47,47,33,0,10,36
Super,SEVENTEEN,1,2023,4,24,91221625,137,Major,77,35,88,16,0,17,9
Slut Me Out,NLE Choppa,1,2022,4,22,190490915,121,Minor,94,71,61,12,0,53,42
Double Fantasy (with Future),"The Weeknd, Future",2,2023,4,21,96180277,119,Minor,60,10,57,1,0,50,3
All Of The Girls You Loved Before,Taylor Swift,1,2019,8,23,185240616,96,Major,72,40,47,71,0,13,4
PROVENZA,Karol G,1,2022,4,21,885093467,111,Major,87,53,52,66,1,11,5
Princess Diana (with Nicki Minaj),"Nicki Minaj, Ice Spice",2,2023,4,14,104992946,148,Major,90,74,68,14,0,10,19
Di Que Si,"Grupo Marca Registrada, Grupo Frontera",2,2023,2,3,147290338,182,Major,57,80,59,8,0,6,5
Shivers,Ed Sheeran,1,2021,9,9,1302184087,141,Major,79,82,86,28,0,4,9
Igualito a Mi ApÃ¯Â¿,"Fuerza Regida, Peso Pluma",2,2022,12,30,158950978,145,Minor,76,80,81,19,0,6,9
Shoong! (feat. LISA of BLACKPINK),"TAEYANG, Lisa",2,2023,4,25,76910644,110,Minor,76,26,70,1,0,41,6
Komang,Raim Laode,1,2022,8,16,137123880,134,Major,70,35,41,41,0,10,3
DESPECHÃ¯Â¿,ROSALÃ¯Â¿Â½,1,2022,7,28,782369383,130,Major,92,78,62,18,0,6,10
Made You Look,Meghan Trainor,1,2022,10,21,502574952,145,Major,84,88,53,35,0,8,7
Watch This - ARIZONATEARS Pluggnb Remix,"sped up nightcore, ARIZONATEARS, Lil Uzi Vert",3,2023,2,5,207033255,130,Minor,69,36,90,1,10,15,4
No Se Va,Grupo Frontera,1,2022,4,28,404887295,173,Major,59,69,53,12,0,23,3
Punto G,Quevedo,1,2022,11,4,381161027,92,Minor,75,55,76,25,0,10,15
Lovers Rock,TV Girl,1,2014,6,5,466231982,105,Minor,56,57,87,0,1,10,4
METAMORPHOSIS,INTERWORLD,1,2021,11,25,357580552,175,Minor,59,15,64,43,90,12,10
Mami Chula,"Quevedo, Jhayco",2,2023,4,27,61105704,120,Minor,80,33,70,22,0,9,4
En Paris,"El Chachito, Junior H",2,2022,12,24,198275403,139,Minor,70,77,48,37,0,12,5
Set Me Free Pt.2,Jimin,1,2023,3,17,168448603,132,Minor,59,56,82,12,0,12,6
I Was Never There,"The Weeknd, Gesaffelstein",2,2018,3,29,705469769,114,Major,32,17,74,14,0,17,3
Don't ever say love me (feat. RM of BTS),"RM, Colde",2,2023,5,4,34502215,145,Minor,54,19,48,36,0,37,5
Shut Down,BLACKPINK,1,2022,9,16,482175240,110,Major,82,67,69,0,0,18,4
Gato de Noche,"Nengo Flow, Bad Bunny",2,2022,12,22,304118600,94,Major,89,61,66,17,0,36,16
Call Out My Name,The Weeknd,1,2018,3,29,1449799467,134,Major,45,17,60,21,0,33,4
Like Crazy (English Version),Jimin,1,2023,3,24,173627354,120,Major,62,32,76,0,0,39,4
Rosa Pastel,"Jasiel NuÃ¯Â¿Â½Ã¯Â¿Â½ez, Peso P",2,2023,2,2,90025258,123,Minor,70,86,68,24,0,11,4
Sunroof,"Nicky Youre, Dazy",2,2021,12,3,652704649,131,Major,77,84,71,35,0,15,4
Lose Yourself - Soundtrack Version,Eminem,1,2002,1,1,1829992958,171,Major,70,6,73,1,0,36,26
Superman,"Eminem, Dina Rae",2,2002,5,26,655466831,130,Minor,80,64,76,2,0,20,6
Mas Rica Que Ayer,"Mambo Kingz, DJ Luian, Anuel Aa",3,2023,3,2,146409671,94,Major,82,53,67,34,0,9,8
People Pt.2 (feat. IU),"IU, Agust D",2,2023,4,7,95816024,89,Minor,73,44,57,39,0,32,6
REMIX EXCLUSIVO,Feid,1,2023,3,17,117206995,87,Minor,65,71,56,4,0,15,20
"ArcÃ¯Â¿Â½Ã¯Â¿Â½ngel: Bzrp Music Sessions, Vol","Arcangel, Bizarrap",2,2023,3,22,100409613,124,Minor,72,79,78,55,0,15,30
DOGTOOTH,"Tyler, The Creator",2,2023,3,27,80758350,78,Major,71,80,65,51,0,22,32
10:35,"TiÃ¯Â¿Â½Ã¯Â¿Â½sto, Tate M",2,2022,11,1,325592432,120,Major,70,70,79,7,0,18,10
SORRY NOT SORRY,"Tyler, The Creator",2,2023,3,31,58473276,96,Minor,48,50,80,40,0,37,20
HAPPY,NF,1,2023,3,25,52722996,106,Major,73,22,86,31,0,12,4
La Bebe,Yng Lvcas,1,2021,12,24,191945597,170,Minor,78,75,46,62,0,12,35
I Know - PR1SVX Edit,"Kanii, PR1ISVX",2,2023,3,24,77377503,134,Minor,67,11,76,8,47,30,7
Late Night Talking,Harry Styles,1,2022,5,20,743693613,115,Major,71,90,73,30,0,11,5
LeÃ¯Â¿Â½,MarÃ¯Â¿Â½Ã¯Â¿Â½lia Mendo,1,2022,12,9,267789608,130,Major,74,79,87,45,0,30,3
Save Your Tears (with Ariana Grande) (Remix),"Ariana Grande, The Weeknd",2,2020,3,20,1221813483,118,Major,65,63,79,3,0,10,3
Something in the Orange,Zach Bryan,1,2022,4,22,449701773,110,Major,59,22,38,42,0,12,3
VOID,Melanie Martinez,1,2023,3,29,67070410,100,Major,72,42,66,18,4,19,4
Dijeron Que No La Iba Lograr,"Fuerza Regida, Chino Pacas",2,2023,3,14,116334601,142,Minor,70,76,79,26,0,11,7
Midnight Rain,Taylor Swift,1,2022,10,21,433356509,140,Major,64,18,37,72,0,12,7
If We Ever Broke Up,Mae Stephens,1,2023,2,10,165584767,116,Major,90,96,73,62,0,9,4
You Proof,Morgan Wallen,1,2022,5,13,367814306,120,Major,73,64,85,25,0,61,3
LA INOCENTE,"Feid, Mora",2,2022,4,1,477033549,92,Minor,76,46,79,31,0,7,6
Malas Decisiones,Kenia OS,1,2022,10,26,156214700,110,Minor,81,64,79,5,0,31,3
Murder In My Mind,Kordhell,1,2022,1,21,448843705,120,Major,71,57,97,1,0,13,11
Gangsta's Paradise,"Coolio, L.V.",2,1995,7,11,1357608774,80,Major,63,40,61,9,0,56,6
CAIRO,"Karol G, Ovy On The Drums",2,2022,11,13,294352144,115,Minor,95,43,69,47,0,9,31
I Love You So,The Walters,1,2014,11,28,972164968,76,Major,58,46,67,65,0,13,4
Dark Red,Steve Lacy,1,2017,2,20,920045682,172,Major,60,77,78,45,0,12,6
Say You Won't Let Go,James Arthur,1,2016,9,9,2420461338,99,Major,40,45,56,69,0,9,5
The Hills,The Weeknd,1,2015,5,27,1947371785,136,Minor,36,12,57,9,0,14,8
Heart To Heart,Mac DeMarco,1,2019,5,10,244658767,150,Minor,90,64,14,67,35,11,10
Peaches (from The Super Mario Bros. Movie),Jack Black,1,2023,4,7,68216992,92,Minor,71,41,31,79,0,10,5
Marisola - Remix,"Duki, NICKI NICOLE, Cris Mj, Standly, Stars Music Chile",5,2022,12,15,223582566,95,Major,77,72,87,17,0,7,5
LOKERA,"Brray, Rauw Alejandro, Lyanno",3,2022,7,25,471819764,102,Minor,83,58,83,21,0,10,5
Low,SZA,1,2022,12,9,272377463,145,Minor,70,34,55,43,0,16,6
Numb,Linkin Park,1,2003,3,24,1361425037,110,Major,50,24,86,0,0,64,4
Tormenta (feat. Bad Bunny),"Gorillaz, Bad Bunny",2,2023,2,24,149778242,95,Major,64,30,77,46,0,38,6
on the street (with J. Cole),"j-hope, J. Cole",2,2023,3,3,116599790,94,Minor,68,81,82,53,0,9,13
One Thing At A Time,Morgan Wallen,1,2022,12,2,148469433,142,Major,61,92,91,0,0,26,3
Miss You,"Robin Schulz, Oliver Tree",2,2022,8,5,497225336,145,Minor,59,20,74,1,0,15,5
AinÃ¯Â¿Â½Ã¯Â¿Â½Ã¯Â¿Â½t Tha,Morgan Wallen,1,2023,3,3,88791109,121,Minor,64,67,80,0,0,36,3
ThinkinÃ¯Â¿Â½Ã¯Â¿Â½Ã¯Â¿Â½ B,Morgan Wallen,1,2023,3,3,125917280,140,Minor,66,43,76,49,0,12,3
Private Landing (feat. Justin Bieber & Future),"Don Toliver, Future, Justin Bieber",3,2023,2,23,105062254,137,Minor,84,44,67,8,0,11,6
Everything I Love,Morgan Wallen,1,2023,1,31,95623148,104,Major,56,72,85,0,0,15,3
Heaven,Niall Horan,1,2023,2,17,144584800,92,Major,57,68,76,7,0,33,3
LET GO,Central Cee,1,2022,12,15,298063749,146,Minor,74,51,45,86,0,21,38
Sial,Mahalini,1,2023,1,23,166570053,120,Major,56,20,43,89,0,12,4
I Wrote The Book,Morgan Wallen,1,2023,1,31,83021468,144,Major,68,83,81,9,0,8,4
"Apna Bana Le (From ""Bhediya"")","Arijit Singh, Sachin-Jigar",2,2022,11,5,139836056,94,Major,59,44,56,80,0,6,3
SPIT IN MY FACE!,ThxSoMch,1,2022,10,31,303216294,94,Major,73,65,79,5,2,11,6
PLAYA DEL INGLÃ¯Â¿Â½,"Myke Towers, Quevedo",2,2022,12,15,221409663,113,Minor,79,66,74,8,0,11,5
Man Made A Bar (feat. Eric Church),"Morgan Wallen, Eric Church",2,2023,3,3,58890931,148,Major,50,49,76,12,0,12,3
Red Ruby Da Sleeze,Nicki Minaj,1,2023,3,3,81419389,98,Major,70,29,73,12,0,11,26
Kahani Suno 2.0,Kaifi Khalil,1,2022,5,31,156777415,140,Major,58,26,38,91,0,10,4
Nobody Gets Me,SZA,1,2022,12,9,284908316,100,Major,36,28,28,81,0,18,3
PERO TÃ¯Â¿,"Karol G, Quevedo",2,2023,2,23,93438910,140,Major,86,68,79,39,0,11,29
Hype Boy,NewJeans,1,2022,8,1,363472647,100,Minor,59,78,94,27,0,29,23
Bloody Mary,Lady Gaga,1,2011,1,1,372476382,100,Minor,59,49,65,2,0,13,3
MonotonÃ¯Â¿Â½,"Ozuna, Shakira",2,2022,10,19,380726517,132,Minor,87,82,70,42,0,21,5
Ã½Ã½Ã½98 Braves,Morgan Wallen,1,2023,3,3,56533272,142,Major,49,48,67,10,0,26,3
WANDA,Quevedo,1,2023,1,20,175399345,176,Minor,72,96,63,25,0,21,7
Thought You Should Know,Morgan Wallen,1,2022,5,6,203221468,140,Major,53,51,70,49,0,14,3
In The End,Linkin Park,1,2000,10,24,1624165576,105,Minor,55,40,90,1,0,32,6
Zona De Perigo,Leo Santana,1,2022,12,8,134294498,135,Major,81,97,77,75,0,35,3
Lovezinho,Treyce,1,2022,7,28,70069745,128,Minor,82,61,59,30,0,12,4
I Like You (A Happier Song) (with Doja Cat),"Post Malone, Doja Cat",2,2022,6,3,609293408,101,Major,74,43,69,12,0,12,7
Neverita,Bad Bunny,1,2022,5,6,671365962,122,Major,88,43,50,7,0,14,5
Vista Al Mar,Quevedo,1,2022,9,8,362361576,105,Minor,76,49,56,80,12,10,13
Sem AlianÃ¯Â¿Â½Ã¯Â¿Â½a no ,"MC Xenon, Os Gemeos da Putaria",2,2022,12,23,93587665,83,Major,53,40,36,73,0,11,33
Enemy (with JID) - from the series Arcane League of Legends,"Imagine Dragons, League of Legends, JID, Arcane",4,2021,9,3,1223481149,77,Minor,72,59,76,24,0,42,28
Revenge,XXXTENTACION,1,2017,8,25,1022258230,140,Minor,75,18,25,78,0,11,26
Bombonzinho - Ao Vivo,"Israel & Rodolffo, Ana Castela",2,2022,11,3,263453310,158,Major,65,72,95,31,0,92,5
LA CANCIÃ¯Â¿Â½,"J Balvin, Bad Bunny",2,2019,6,28,1435127549,176,Major,75,43,65,15,0,11,32
QuÃ¯Â¿Â½Ã¯Â¿Â½ Ago,"Yuridia, Angela Aguilar",2,2022,10,20,236857112,98,Major,73,88,57,56,0,5,2
Love Again,The Kid Laroi,1,2023,1,27,147538971,107,Minor,66,47,40,72,0,11,3
After Hours,The Weeknd,1,2020,2,19,698086140,109,Minor,66,16,57,10,1,12,3
About Damn Time,Lizzo,1,2022,7,15,723894473,109,Minor,84,72,74,10,0,34,7
Born With A Beer In My Hand,Morgan Wallen,1,2023,3,3,34450974,148,Major,53,61,81,5,0,36,4
Ã½Ã½Ã½Ã½Ã½Ã½Ã½Ã½Ã½Ã½Ã½Ã½Ã½Ã½Ã½Ã½Ã½Ã½Ã½Ã½Ã½,Fujii Kaze,1,2020,5,20,403097450,158,Minor,60,52,76,17,0,19,5
Besos Moja2,"Wisin & Yandel, ROSALÃ¯Â¿Â½",2,2022,9,29,309483971,94,Minor,74,64,73,6,0,10,6
Maan Meri Jaan,King,1,2022,10,12,319566866,96,Minor,70,40,51,35,0,10,4
Moscow Mule,Bad Bunny,1,2022,5,6,909001996,100,Minor,80,29,67,29,0,12,3
My Universe,"Coldplay, BTS",2,2021,9,24,1061966512,105,Major,58,42,68,1,0,14,4
Devil DonÃ¯Â¿Â½Ã¯Â¿Â½Ã¯Â¿Â½,Morgan Wallen,1,2023,3,3,32526947,125,Major,53,32,66,38,0,9,3
LLYLM,ROSALÃ¯Â¿Â½,1,2023,1,27,124988687,170,Minor,56,56,63,13,0,19,27
I'm Not Here To Make Friends,"Sam Smith, Calvin Harris, Jessie Reyez",3,2023,1,27,103787664,115,Major,70,84,90,17,0,41,6
TRUSTFALL,P!nk,1,2023,1,27,134255790,122,Major,64,25,89,0,0,15,9
ANTIFRAGILE,LE SSERAFIM,1,2022,10,17,301051721,105,Minor,88,82,80,8,0,11,8
Boy's a liar,PinkPantheress,1,2022,11,30,156338624,133,Major,66,74,84,25,0,21,4
VIBE (feat. Jimin of BTS),"TAEYANG, Jimin",2,2023,1,13,152850295,100,Major,79,60,68,7,0,26,4
Shirt,SZA,1,2022,10,28,309653982,120,Minor,82,55,45,15,3,9,10
Lift Me Up - From Black Panther: Wakanda Forever - Music From and Inspired By,Rihanna,1,2022,10,28,297328960,177,Major,25,17,30,90,0,13,3
STAR WALKIN' (League of Legends Worlds Anthem),Lil Nas X,1,2022,9,22,332506354,142,Minor,64,31,72,15,0,9,5
"Sex, Drugs, Etc.",Beach Weather,1,2016,11,4,480507035,144,Minor,57,47,84,1,1,52,4
Boy With Luv (feat. Halsey),"Halsey, BTS",2,2019,4,12,1065580332,120,Minor,65,80,86,9,0,19,10
"Hey, Mickey!",Baby Tate,1,2016,9,27,122763672,135,Major,92,73,51,55,0,15,6
Calm Down,RÃ¯Â¿Â½Ã¯,1,2022,2,9,445763624,107,Major,81,82,78,38,0,12,4
Jhoome Jo Pathaan,"Arijit Singh, Vishal Dadlani, Sukriti Kakar, Vishal-Shekhar, Shekhar Ravjiani, Kumaar",6,2022,12,22,1365184,105,Major,82,62,74,10,0,33,7
Escapism. - Sped Up,"RAYE, 070 Shake",2,2022,11,25,184308753,108,Minor,44,38,77,9,0,9,20
Space Song,Beach House,1,2015,1,1,789753877,147,Minor,51,62,79,22,13,14,3
Dreamers [Music from the FIFA World Cup Qatar 2022 Official Soundtrack],"BTS, Jung Kook, FIFA Sound",3,2022,11,20,323358833,115,Major,71,34,88,16,0,44,4
Te Felicito,"Shakira, Rauw Alejandro",2,2022,4,21,606361689,174,Major,70,57,64,23,0,8,32
MuÃ¯Â¿Â½Ã¯Â¿Â½,"Steve Aoki, Tini, La Joaqui",3,2023,1,12,120972253,90,Minor,68,83,71,3,0,31,8
TV,Billie Eilish,1,2022,7,21,338564981,141,Minor,41,9,25,84,1,14,4
I'm Not The Only One,Sam Smith,1,2014,1,1,1606986953,82,Major,68,50,49,56,0,8,4
Heather,Conan Gray,1,2020,3,20,1301799902,92,Major,47,25,43,62,0,32,3
"Besharam Rang (From ""Pathaan"")","Vishal-Shekhar, Shilpa Rao, Caralisa Monteiro, Kumaar, Vishal Dadlani, Shekhar Ravjiani",6,2022,12,12,140187018,116,Minor,77,65,80,6,0,15,4
One Kiss (with Dua Lipa),"Calvin Harris, Dua Lipa",2,2017,6,2,1897517891,124,Minor,79,59,86,4,0,8,11
Sugar Rush Ride,TOMORROW X TOGETHER,1,2023,1,27,107642809,125,Minor,71,83,89,1,0,17,9
Pink Venom,BLACKPINK,1,2022,8,19,551305895,90,Major,80,71,69,2,0,27,10
WAIT FOR U (feat. Drake & Tems),"Drake, Future, Tems",3,2022,4,27,556585270,83,Major,46,34,64,31,0,7,34
Don't Start Now,Dua Lipa,1,2019,10,31,2303033973,124,Minor,79,68,79,1,0,10,8
After Dark,Mr.Kitty,1,2014,8,8,646886885,140,Major,58,4,60,7,41,8,3
Eu Gosto Assim - Ao Vivo,"Gustavo Mioto, Mari Fernandez",2,2022,9,16,222612678,154,Major,64,61,91,15,0,72,4
INDUSTRY BABY (feat. Jack Harlow),"Jack Harlow, Lil Nas X",2,2021,7,23,1814349763,150,Minor,74,89,70,2,0,5,6
MIDDLE OF THE NIGHT,Elley DuhÃ¯Â¿,1,2020,1,10,872137015,186,Minor,41,9,61,2,0,12,5
Atlantis,Seafret,1,2015,4,22,571386359,166,Minor,40,23,48,5,0,12,3
PUNTO 40,"Baby Rasta, Rauw Alejandro",2,2022,9,22,304079786,107,Major,87,20,83,0,4,31,9
Evoque Prata,"DJ Escobar, MC MENOR SG, MC MENOR HR",3,2022,9,9,174006928,87,Major,87,52,52,31,0,28,24
How Do I Say Goodbye,Dean Lewis,1,2022,8,5,284785823,82,Major,40,39,64,21,0,7,7
Blind,SZA,1,2022,12,9,163284000,114,Minor,46,60,28,91,0,21,4
Die For You,Joji,1,2022,11,4,246390068,148,Major,47,15,52,38,13,29,5
Doja,Central Cee,1,2022,7,20,482257456,140,Major,91,97,57,38,0,40,29
Gatita,Bellakath,1,2022,10,3,168684524,101,Major,90,76,81,15,24,33,6
Rumble,"Skrillex, Flowdan, Fred again..",3,2022,1,17,78489819,140,Minor,81,6,84,5,23,6,6
Niagara Falls (Foot or 2) [with Travis Scott & 21 Savage],"Travis Scott, 21 Savage, Metro Boomin",3,2022,12,2,195516622,88,Minor,49,24,66,19,0,18,29
Yonaguni,Bad Bunny,1,2021,6,4,1260594497,180,Major,64,44,65,28,0,14,12
Super Freaky Girl,Nicki Minaj,1,2022,8,12,428685680,133,Major,95,91,89,6,0,31,24
Running Up That Hill (A Deal With God),Kate Bush,1,1985,9,16,1024858327,108,Minor,63,20,55,72,0,6,6
Dream On,Aerosmith,1,1973,1,5,838586769,80,Minor,39,24,43,39,0,23,3
Limbo,Freddie Dredd,1,2022,8,11,199386237,75,Minor,80,46,62,3,6,11,46
Where Are You Now,"Lost Frequencies, Calum Scott",2,2021,7,30,972509632,121,Minor,67,26,64,52,0,17,10
WORTH NOTHING,"Twisted, Oliver Tree",2,2022,9,28,213438580,140,Minor,58,17,62,18,0,20,8
Bad Habits,Ed Sheeran,1,2020,9,3,1555511105,126,Minor,81,59,90,5,0,36,3
KICK BACK,Kenshi Yonezu,1,2022,10,12,210038833,102,Major,58,29,94,0,0,9,11
Evergreen (You DidnÃ¯Â¿Â½Ã¯Â¿Â½Ã¯Â¿Â½t Deserve Me A,Omar Apollo,1,2022,4,8,227918678,82,Major,70,31,34,60,1,11,4
Good Days,SZA,1,2020,12,24,826623384,121,Minor,46,53,78,23,0,72,6
Levitating (feat. DaBaby),"Dua Lipa, DaBaby",2,2020,3,27,1802514301,103,Minor,70,92,83,1,0,7,6
Woman,Doja Cat,1,2021,6,25,1329090101,108,Minor,82,88,76,9,0,12,9
Shut up My Moms Calling - (Sped Up),Hotel Ugly,1,2022,9,14,181831132,85,Minor,65,36,47,31,0,12,10
Ferrari,"James Hype, Miggy Dela Rosa",2,2022,3,14,462791599,125,Minor,84,70,69,1,0,5,5
"You're On Your Own, Kid",Taylor Swift,1,2022,10,21,348647203,120,Major,69,40,39,41,0,13,6
"Kesariya (From ""Brahmastra"")","Pritam, Arijit Singh, Amitabh Bhattacharya",3,2022,7,17,366599607,94,Major,58,44,57,57,0,10,3
Agudo MÃ¯Â¿Â½Ã¯Â¿Â½gi,"Styrx, utku INC, Thezth",3,1930,1,1,90598517,130,Minor,65,49,80,22,4,7,5
Payphone,"Maroon 5, Wiz Khalifa",2,2012,1,1,1479264469,110,Major,74,51,74,2,0,29,4
All I Want for Christmas Is You,Mariah Carey,1,1994,10,28,1449779435,150,Major,34,33,63,16,0,7,4
Last Christmas,Wham!,1,1984,1,1,1159176109,107,Minor,74,88,65,28,0,46,3
Rockin' Around The Christmas Tree,Brenda Lee,1,1958,1,1,769213520,140,Major,70,85,41,71,0,45,5
Jingle Bell Rock,Bobby Helms,1,1957,1,1,741301563,119,Major,74,78,37,84,0,6,3
It's Beginning To Look A Lot Like Christmas,Michael BublÃ¯Â¿,1,2011,10,14,807561936,93,Major,35,38,23,91,0,29,3
Santa Tell Me,Ariana Grande,1,2013,12,13,834129063,133,Major,46,53,63,5,0,30,18
It's the Most Wonderful Time of the Year,Andy Williams,1,1963,10,14,663832097,202,Major,24,76,60,77,0,12,4
Let It Snow! Let It Snow! Let It Snow!,Dean Martin,1,1959,11,16,446390129,134,Major,45,72,24,91,0,18,4
Snowman,Sia,1,2017,1,1,690104769,105,Major,72,33,51,48,0,9,3
Underneath the Tree,Kelly Clarkson,1,2013,10,25,485285717,160,Major,51,69,81,0,0,21,5
Feliz Navidad,JosÃ¯Â¿Â½Ã¯Â¿Â½ Felic,1,1970,11,1,520034544,148,Major,50,96,82,47,0,34,4
Holly Jolly Christmas,Michael BublÃ¯Â¿,1,2011,10,14,476244795,151,Major,65,70,47,87,0,9,4
Mistletoe,Justin Bieber,1,2011,1,1,629173063,162,Minor,67,88,54,51,0,9,4
Sleigh Ride,The Ronettes,1,1963,11,22,404664135,92,Major,53,84,77,40,0,32,3
Seek & Destroy,SZA,1,2022,12,9,98709329,152,Major,65,35,65,44,18,21,7
Love Language,SZA,1,2022,12,9,110849052,65,Minor,71,55,26,85,0,13,8
Happy Xmas (War Is Over),"John Lennon, The Harlem Community Choir, The Plastic Ono Band, Yoko Ono",4,1971,12,1,460492795,147,Major,33,39,61,32,0,77,3
Used (feat. Don Toliver),"SZA, Don Toliver",2,2022,12,8,94005786,150,Minor,73,71,69,53,0,32,9
A Holly Jolly Christmas - Single Version,Burl Ives,1,1952,1,1,395591396,140,Major,67,81,36,64,0,15,3
The Christmas Song (Merry Christmas To You) - Remastered 1999,Nat King Cole,1,1946,11,1,389771964,139,Major,36,22,15,84,0,11,4
Wonderful Christmastime - Edited Version / Remastered 2011,Paul McCartney,1,1979,11,16,403939487,95,Major,75,74,58,36,0,9,3
Do They Know It's Christmas? - 1984 Version,Band Aid,1,1984,11,25,481697415,115,Major,60,23,57,0,2,27,3
Ghost in the Machine (feat. Phoebe Bridgers),"SZA, Phoebe Bridgers",2,2022,12,9,110073250,125,Major,62,59,43,84,3,11,5
Special,SZA,1,2022,12,9,88092256,76,Major,60,19,20,78,0,11,5
Merry Christmas Everyone,Shakin' Stevens,1,1984,1,1,351636786,101,Minor,72,91,87,14,0,13,3
Let It Snow! Let It Snow! Let It Snow!,"Frank Sinatra, B. Swanson Quartet",2,1950,1,1,473248298,143,Major,60,86,32,88,0,34,6
SOS,SZA,1,2022,12,9,73981293,119,Minor,51,51,66,67,0,9,23
Open Arms (feat. Travis Scott),"SZA, Travis Scott",2,2022,12,8,155653938,78,Major,67,22,59,76,1,15,16
White Christmas,"Bing Crosby, John Scott Trotter & His Orchestra, Ken Darby Singers",3,1942,1,1,395591396,96,Major,23,19,25,91,0,40,3
Driving Home for Christmas - 2019 Remaster,Chris Rea,1,1986,1,1,429504768,180,Major,51,87,58,36,0,18,4
Christmas (Baby Please Come Home),Darlene Love,1,1963,11,22,242767149,126,Major,34,35,76,39,0,8,5
Gone Girl,SZA,1,2022,12,9,65362788,150,Major,43,42,44,57,0,15,6
F2F,SZA,1,2022,12,9,67540165,90,Major,53,47,74,9,0,34,4
Notice Me,SZA,1,2022,12,9,62019074,160,Major,72,78,68,28,0,11,12
Merry Christmas,"Ed Sheeran, Elton John",2,2017,11,10,135723538,114,Major,59,60,94,24,0,10,4
It's Beginning to Look a Lot Like Christmas (with Mitchell Ayres & His Orchestra),"Perry Como, The Fontane Sisters, Mitchell Ayres & His Orchestra",3,1958,1,1,295998468,113,Major,73,72,32,77,0,15,5
My Only Wish (This Year),Britney Spears,1,2000,11,7,261116938,147,Major,67,69,72,17,0,19,3
Antidepresan,"Mabel Matiz, Mert Demir",2,2022,11,4,136689549,100,Minor,70,92,59,3,0,10,3
Wild Flower (with youjeen),RM,1,2022,12,2,135611421,155,Major,49,42,77,3,0,12,9
I Hate U,SZA,1,2021,12,3,356709897,107,Minor,54,41,39,51,0,11,16
Raindrops (Insane) [with Travis Scott],"Travis Scott, Metro Boomin",2,2022,12,2,110649992,112,Major,80,15,54,9,0,38,5
SPIT IN MY FACE!,ThxSoMch,1,2022,10,31,301869854,166,Major,70,57,57,9,20,11,7
Deck The Hall - Remastered 1999,Nat King Cole,1,1959,1,1,127027715,107,Minor,69,96,36,81,0,8,4
Smoking on my Ex Pack,SZA,1,2022,12,9,57144458,81,Major,47,33,68,24,0,22,38
Conceited,SZA,1,2022,12,9,56870689,150,Major,79,77,46,5,0,11,7
Snow On The Beach (feat. Lana Del Rey),"Taylor Swift, Lana Del Rey",2,2022,10,21,323437194,110,Major,66,19,32,69,0,12,4
Maroon,Taylor Swift,1,2022,10,21,317726339,108,Major,64,4,40,6,0,10,6
TubarÃ¯Â¿Â½Ã¯Â¿Â½o Te,"Dj LK da EscÃ¯Â¿Â½Ã¯Â¿Â½cia, Tchakabum, mc jhenny, M",4,2022,9,28,116144341,130,Minor,89,48,74,30,0,7,36
Bejeweled,Taylor Swift,1,2022,10,21,328207708,164,Major,70,39,56,6,0,9,7
Tarot,"Bad Bunny, Jhay Cortez",2,2022,5,6,608228647,114,Minor,80,42,68,2,0,66,4
You Make It Feel Like Christmas (feat. Blake Shelton),"Gwen Stefani, Blake Shelton",2,2005,9,20,180577478,93,Major,63,93,88,1,0,12,4
Desesperados,"Chencho Corleone, Rauw Alejandro",2,2021,6,25,809306935,90,Minor,87,51,69,36,0,9,8
Too Late,SZA,1,2022,12,8,49262961,128,Major,45,35,68,78,0,39,8
Party,"Bad Bunny, Rauw Alejandro",2,2022,5,6,614555082,97,Major,83,47,80,2,0,24,9
Run Rudolph Run - Single Version,Chuck Berry,1,1958,1,1,245350949,152,Minor,69,94,71,79,0,7,8
Jingle Bells - Remastered 1999,Frank Sinatra,1,1957,1,1,178660459,175,Major,51,94,34,73,0,10,5
Far,SZA,1,2022,12,9,51641685,116,Major,61,48,55,67,0,16,8
On Time (with John Legend),"John Legend, Metro Boomin",2,2022,12,2,78139948,80,Minor,33,51,59,76,0,44,6
GATÃ¯Â¿Â½Ã¯Â¿Â½,"Maldy, Karol G",2,2022,8,25,322336177,93,Minor,63,34,86,26,0,21,39
Ã½Ã½Ã½abcdefu,Gayle,1,2021,8,13,1007612429,122,Major,70,42,54,30,0,37,5
Sacrifice,The Weeknd,1,2022,1,7,326792833,122,Major,70,91,79,3,0,7,10
Is There Someone Else?,The Weeknd,1,2022,1,7,391251368,135,Minor,70,60,58,4,0,16,3
Fingers Crossed,"Lauren Spencer Smith, Lauren Spencer Smith, Lauren Spencer Smith",3,2022,1,5,349585590,109,Major,60,45,47,62,0,31,5
Out of Time,The Weeknd,1,2022,1,7,339659802,93,Minor,65,82,74,27,0,32,5
Do It To It,"Cherish, ACRAZE",2,2021,8,20,674772936,125,Minor,85,64,81,2,5,7,9
We Don't Talk About Bruno,"Adassa, Mauro Castillo, Stephanie Beatriz, Encanto - Cast, Rhenzy Feliz, Diane Guerrero, Carolina Gaitan",7,2021,11,19,432719968,206,Minor,58,83,45,36,0,11,8
Pepas,Farruko,1,2021,6,24,1309887447,130,Major,76,44,77,1,0,13,3
How Do I Make You Love Me?,The Weeknd,1,2022,1,7,119238316,121,Minor,80,62,51,2,0,9,8
Gasoline,The Weeknd,1,2022,1,7,116903579,123,Minor,74,35,73,0,0,21,5
Infinity,Jaymes Young,1,2017,6,23,888046992,122,Minor,67,50,67,15,0,30,4
Less Than Zero,The Weeknd,1,2022,1,7,200660871,143,Major,53,50,79,0,0,8,3
Take My Breath,The Weeknd,1,2021,8,6,130655803,121,Minor,70,35,77,1,0,26,4
good 4 u,Olivia Rodrigo,1,2021,5,14,1887039593,166,Minor,56,68,66,28,0,11,18
"Here We GoÃ¯Â¿Â½Ã¯Â¿Â½Ã¯Â¿Â½ Again (feat. Tyler, the Cr","The Weeknd, Tyler, The Creator",3,2022,1,7,88103848,135,Major,41,27,64,36,0,60,3
Best Friends,The Weeknd,1,2022,1,7,101114984,87,Minor,49,49,59,44,0,35,21
Kiss Me More (feat. SZA),"SZA, Doja Cat",2,2021,4,9,1575467011,111,Major,77,74,66,30,0,13,3
I Heard You're Married (feat. Lil Wayne),"The Weeknd, Lil Wayne",2,2022,1,7,91656026,110,Major,75,85,84,10,0,31,19
Need To Know,Doja Cat,1,2021,6,11,1042568408,130,Major,66,19,61,30,0,9,7
MONTERO (Call Me By Your Name),Lil Nas X,1,2020,9,18,1735441776,179,Minor,61,76,51,30,0,38,15
love nwantiti (ah ah ah),Ckay,1,2019,7,26,726837877,93,Minor,74,53,73,61,0,13,4
Dawn FM,The Weeknd,1,2022,1,7,53933526,78,Minor,27,10,49,62,0,49,5
Surface Pressure,Jessica Darrow,1,2021,11,19,267758538,180,Major,65,37,58,2,0,4,31
Starry Eyes,The Weeknd,1,2022,1,7,74601456,86,Minor,28,13,41,50,0,19,3
THATS WHAT I WANT,Lil Nas X,1,2021,9,17,920797189,88,Minor,74,55,85,1,0,5,22
One Right Now (with The Weeknd),"The Weeknd, Post Malone",2,2021,11,5,539595276,97,Major,68,72,78,4,0,7,5
Beggin,MÃ¯Â¿Â½Ã¯Â¿Â½ne,1,2017,12,8,1367810478,134,Minor,71,59,80,13,0,36,5
Mon Amour - Remix,"Aitana, zzoilo",2,2020,9,21,578207856,116,Major,75,36,76,12,0,10,10
Lo Siento BB:/ (with Bad Bunny & Julieta Venegas),"Julieta Venegas, Bad Bunny, Tainy",3,2021,10,5,775542072,170,Minor,64,14,70,9,0,9,8
MONEY,Lisa,1,2021,9,10,863625566,140,Minor,83,40,55,16,0,14,23
The Motto,"TiÃ¯Â¿Â½Ã¯Â¿Â½sto, Ava",2,2021,11,4,656013912,118,Minor,75,46,76,3,0,9,4
Happier Than Ever,Billie Eilish,1,2021,7,30,1056760045,65,Major,31,31,24,76,0,14,4
Moth To A Flame (with The Weeknd),"The Weeknd, Swedish House Mafia",2,2021,10,22,611994237,120,Minor,56,16,67,0,0,11,4
traitor,"Juan Cruz Toledo, Huilen Toledo",2,2021,5,21,1230855859,176,Major,29,12,33,68,0,12,5
Toxic,BoyWithUke,1,2021,9,10,582981380,180,Minor,59,69,61,84,0,46,36
drivers license,Olivia Rodrigo,1,2021,1,8,1858144199,144,Major,59,21,43,76,0,10,7
MalvadÃ¯Â¿Â½Ã¯Â¿,"XamÃ¯Â¿Â½Ã¯Â¿Â½, Gustah, Neo B",3,2021,11,30,240684449,133,Minor,82,52,61,38,0,14,27
All Too Well (10 Minute Version) (Taylor's Version) (From The Vault),Taylor Swift,1,2021,11,12,583687007,93,Major,63,21,52,28,0,9,3
DonÃ¯Â¿Â½Ã¯Â¿Â½Ã¯Â¿Â½t Break My,The Weeknd,1,2022,1,7,63803529,122,Major,77,25,62,34,0,23,3
Oh My God,Adele,1,2021,11,19,466214729,88,Major,53,55,73,9,0,3,5
Entre Nosotros (Remix) [con Nicki Nicole],"Lit Killah, Maria Becerra, Tiago pzk, NICKI NICOLE",4,2022,1,5,236940480,170,Minor,70,61,44,40,0,37,4
A Tale By Quincy,The Weeknd,1,2022,1,7,41924466,94,Minor,46,55,50,71,0,10,11
I AM WOMAN,Emmy Meli,1,2021,11,18,225259194,170,Major,65,46,47,12,0,13,16
Medallo,"Justin Quiles, Lenny TavÃ¯Â¿Â½Ã¯Â¿Â½rez, BL",3,2021,10,27,393230256,90,Minor,79,79,70,57,0,66,8
It'll Be Okay,Shawn Mendes,1,2021,12,1,287201015,78,Major,40,7,29,62,0,9,3
Softcore,The Neighbourhood,1,2018,3,9,599770206,94,Major,57,36,58,5,0,15,3
Super Gremlin,Kodak Black,1,2021,10,30,342779426,73,Major,83,11,41,0,0,36,14
VolvÃ¯Â¿,"Aventura, Bad Bunny",2,2021,8,3,673801126,176,Major,73,79,86,42,0,7,18
Todo De Ti,Rauw Alejandro,1,2020,11,2,1168642797,128,Minor,81,57,63,40,1,10,4
Love Nwantiti - Remix,"Ckay, AX'EL, Dj Yo!",3,2019,8,30,540539717,120,Major,58,44,60,44,9,5,6
Smokin Out The Window,"Bruno Mars, Anderson .Paak, Silk Sonic",3,2021,11,5,383550148,82,Major,63,85,62,6,0,35,4
Meet Me At Our Spot,"THE ANXIETY, Willow, Tyler Cole",3,2020,3,13,530511203,95,Major,77,40,47,2,0,9,3
Every Angel is Terrifying,The Weeknd,1,2022,1,7,37307967,118,Major,44,52,94,11,0,4,29
Tacones Rojos,Sebastian Yatra,1,2021,10,22,510876816,123,Minor,75,93,86,8,0,14,3
Peaches (feat. Daniel Caesar & Giveon),"Justin Bieber, Daniel Caesar, Giveon",3,2021,3,19,1445941661,90,Major,63,49,68,38,0,42,18
Dakiti,"Bad Bunny, Jhay Cortez",2,2020,10,30,1763363713,110,Minor,73,14,57,40,0,11,5
"Tiago PZK: Bzrp Music Sessions, Vol. 48","Bizarrap, Tiago pzk",2,2021,12,29,374191487,96,Minor,66,76,82,47,0,10,32
LÃ¯Â¿Â½Ã¯Â¿Â½Ã¯Â¿,Stromae,1,2022,1,9,108809090,88,Minor,56,58,55,35,0,23,11
NostÃ¯Â¿Â½Ã¯Â¿Â½l,"Chris Brown, Rvssian, Rauw Alejandro",3,2021,9,8,436695353,98,Minor,73,60,85,17,0,24,5
Better Days (NEIKED x Mae Muller x Polo G),"NEIKED, Mae Muller, Polo G",3,2021,9,24,421040617,110,Minor,72,67,68,0,0,14,4
Life Goes On,Oliver Tree,1,2020,7,17,501541661,80,Major,70,57,49,19,0,12,8
Sad Girlz Luv Money Remix (feat. Kali Uchis),"Kali Uchis, Amaarae, Moliy",3,2021,9,16,354065229,110,Minor,86,31,53,43,0,11,6
Butter,BTS,1,2021,5,21,1143647827,110,Major,79,70,36,0,0,6,11
pushin P (feat. Young Thug),"Young Thug, Future, Gunna",3,2022,1,7,311395144,78,Minor,77,49,42,1,1,13,19
You Right,"Doja Cat, The Weeknd",2,2021,6,24,672656250,129,Major,83,44,62,2,0,8,6
deja vu,Olivia Rodrigo,1,2021,4,1,1256880657,181,Major,44,22,60,61,0,42,9
Dynamite,BTS,1,2020,8,21,1692897992,114,Minor,75,74,77,1,0,9,10
TO THE MOON,Jnr Choi,1,2021,11,5,245095641,144,Major,74,39,65,5,1,11,35
Lost in the Fire,"The Weeknd, Gesaffelstein",2,2019,1,11,686734357,101,Major,66,18,68,9,0,12,4
Salimo de Noche,"Trueno, Tiago pzk",2,2021,10,21,261414174,84,Major,67,78,63,29,0,12,5
Volando - Remix,"Sech, Bad Bunny, Mora",3,2021,7,8,610045621,154,Major,66,63,69,21,0,11,7
Leave The Door Open,"Bruno Mars, Anderson .Paak, Silk Sonic",3,2021,3,5,1115880852,148,Major,59,72,62,18,0,9,3
Knife Talk (with 21 Savage ft. Project Pat),"Drake, Project Pat, 21 Savage",3,2021,9,3,594482982,146,Minor,85,22,37,13,0,7,30
Don't Be Shy,"TiÃ¯Â¿Â½Ã¯Â¿Â½sto, Kar",2,2021,8,1,566954746,120,Minor,77,51,79,20,0,26,6
LA FAMA (with The Weeknd),"The Weeknd, ROSALÃ¯Â¿Â½",2,2021,11,11,374706940,136,Minor,77,82,30,95,0,13,5
The Family Madrigal,"Olga Merediz, Stephanie Beatriz, Encanto - Cast",3,2021,11,19,184937148,141,Major,59,56,63,12,0,6,36
Phantom Regret by Jim,The Weeknd,1,2022,1,7,31959571,108,Minor,46,23,48,75,30,14,4
Dos Oruguitas,Sebastian Yatra,1,2021,11,19,167076418,94,Major,42,47,36,76,0,9,5
Freaks,Surf Curse,1,2015,5,10,824420218,180,Major,35,41,94,0,63,5,5
Acapulco,Jason Derulo,1,2021,9,1,363467642,122,Major,77,51,79,5,0,16,5
Daddy Issues,The Neighbourhood,1,2015,10,30,1127468248,85,Major,59,33,52,7,15,12,3
thought i was playing,"21 Savage, Gunna",2,2022,1,7,60680939,148,Major,68,29,73,0,0,7,7
ELEVEN,IVE,1,2021,12,1,247737946,120,Major,83,59,73,6,0,5,11
Mood (feat. Iann Dior),"24kgoldn, Iann Dior",2,2020,7,24,1699402402,91,Minor,70,76,72,22,0,27,4
What Else Can I Do?,"Stephanie Beatriz, Diane Guerrero",2,2021,11,19,154797871,120,Major,72,54,71,26,0,10,4
DANCE CRIP,Trueno,1,2021,11,17,198883004,106,Major,86,86,79,11,0,8,9
Miserable Man,David Kushner,1,2022,1,7,124407432,110,Major,63,31,35,93,0,29,3
happier,Olivia Rodrigo,1,2021,5,21,850608354,169,Major,39,36,45,81,0,8,13
Praise God,Kanye West,1,2021,8,29,376333030,118,Major,80,21,55,1,0,26,17
Get Into It (Yuh),Doja Cat,1,2021,6,25,516784627,92,Minor,91,79,66,32,0,9,16
Before You Go,Lewis Capaldi,1,2019,11,1,1608045237,112,Major,45,19,60,63,0,9,6
Sky,Playboi Carti,1,2020,12,25,506778838,140,Major,79,56,91,26,0,13,21
Rolling in the Deep,Adele,1,2010,11,29,1472799873,105,Major,73,52,76,13,0,5,3
Sobrio,Maluma,1,2021,7,8,513643924,178,Major,76,63,77,14,0,15,22
Peru,"Ed Sheeran, Fireboy DML",2,2021,12,23,261286503,108,Minor,96,71,42,57,0,8,9
favorite crime,Olivia Rodrigo,1,2021,5,21,783706581,173,Major,40,19,29,86,0,34,4
Thunder,"Prezioso, Gabry Ponte, LUM!X",3,2021,5,7,422691058,101,Major,67,40,90,3,0,34,6
The Business,TiÃ¯Â¿Â½Ã¯Â¿,1,2020,1,1,1062345656,120,Minor,80,24,62,41,2,11,23
positions,Ariana Grande,1,2020,10,23,1252563873,144,Major,73,66,80,44,0,9,12
I WANNA BE YOUR SLAVE,MÃ¯Â¿Â½Ã¯Â¿Â½ne,1,2021,3,19,851070493,133,Major,75,96,61,0,0,18,4
Vai LÃ¯Â¿Â½Ã¯Â¿Â½ Em Casa ,"MarÃ¯Â¿Â½Ã¯Â¿Â½lia MendonÃ¯Â¿Â½Ã¯Â¿Â½a, George Henrique &",2,2021,10,22,263894529,158,Minor,46,62,83,53,0,97,28
The Feels,TWICE,1,2021,10,1,345903614,120,Major,81,92,90,9,0,8,7
HEARTBREAK ANNIVERSARY,Giveon,1,2020,2,21,951637566,129,Major,61,59,46,56,0,13,5
No Lie,"Sean Paul, Dua Lipa",2,2016,11,18,956865266,102,Major,74,45,89,5,0,26,13
OUT OUT (feat. Charli XCX & Saweetie),"Charli XCX, Jax Jones, Joel Corry, Saweetie",4,2021,8,13,427486004,124,Minor,79,79,84,2,0,5,5
Pope Is a Rockstar,SALES,1,2016,4,20,156658366,90,Minor,73,31,45,85,24,11,3
2055,Sleepy hallow,1,2021,4,14,624515457,161,Minor,78,65,52,46,0,12,31
Bored,Billie Eilish,1,2017,3,30,777765388,120,Major,60,11,33,90,0,8,5
Happier Than Ever - Edit,Billie Eilish,1,2021,7,28,412795151,81,Major,45,12,57,7,0,23,3
Astronaut In The Ocean,Masked Wolf,1,2019,1,1,1138474110,150,Minor,78,47,70,18,0,15,9
Ley Seca,"Anuel Aa, Jhay Cortez",2,2021,9,2,355219175,105,Major,76,58,84,10,0,13,10
Every Summertime,NIKI,1,2021,8,10,290228626,79,Major,63,76,67,38,0,6,4
Talking To The Moon,Bruno Mars,1,2010,10,4,1062956628,146,Minor,52,7,61,51,0,11,3
you broke me first,Tate McRae,1,2020,4,17,1180094974,124,Major,64,8,37,79,0,9,5
The Nights,Avicii,1,2014,1,1,1456081449,126,Major,53,66,85,2,0,24,4
Take My Breath,The Weeknd,1,2021,8,6,432702334,121,Major,75,53,74,2,0,11,5
Way 2 Sexy (with Future & Young Thug),"Drake, Future, Young Thug",3,2021,9,3,489945871,136,Minor,80,33,60,0,0,32,14
CÃ¯Â¿Â½Ã¯Â¿Â½,Rauw Alejandro,1,2021,6,25,465959382,102,Minor,77,26,63,58,0,11,5
Enemy - from the series Arcane League of Legends,"Imagine Dragons, League of Legends, Arcane",3,2021,10,27,1223481149,77,Major,73,54,74,23,0,41,23
Dance Monkey,Tones and I,1,2019,5,10,2864791672,98,Minor,82,54,59,69,0,18,10
Lucid Dreams,Juice WRLD,1,2017,6,15,2288695111,84,Minor,44,22,48,38,0,33,24
QuÃ¯Â¿Â½Ã¯Â¿Â½ MÃ¯Â¿Â½Ã¯Â¿,"J Balvin, Maria Becerra",2,2021,1,28,720825549,102,Major,89,77,82,3,0,17,11
All of Me,John Legend,1,2013,8,1,2086124197,120,Major,42,33,26,92,0,13,3
Smells Like Teen Spirit - Remastered 2021,Nirvana,1,1991,9,10,1690192927,117,Major,52,73,91,0,0,11,7
Arcade,Duncan Laurence,1,2019,3,7,991336132,72,Minor,45,27,33,82,0,14,4
Fair Trade (with Travis Scott),"Drake, Travis Scott",2,2021,9,3,593917618,168,Major,67,29,47,5,0,22,26
Bar,"Tini, L-Gante",2,2021,11,11,200972675,94,Major,52,68,69,13,0,33,8
The Rumbling (TV Size),SiM,1,2022,1,10,71014967,145,Major,41,65,88,0,0,26,5
family ties (with Kendrick Lamar),"Kendrick Lamar, Baby Keem",2,2021,8,27,560222750,134,Major,71,14,61,1,0,23,33
Mr. Brightside,The Killers,1,2003,9,23,1806617704,148,Major,35,24,93,0,0,10,8
Blessed-Cursed,ENHYPEN,1,2022,1,10,77337771,127,Minor,60,40,89,9,0,60,6
AM Remix,"J Balvin, Nio Garcia, Bad Bunny",3,2021,6,24,528544703,172,Minor,74,79,66,11,0,8,16
Streets,Doja Cat,1,2019,11,7,865640097,90,Major,75,19,46,21,4,34,8
Shallow,"Lady Gaga, Bradley Cooper",2,2018,9,27,2159346687,96,Major,57,30,40,38,0,26,3
Polaroid Love,ENHYPEN,1,2022,1,10,211372494,138,Minor,74,65,67,46,0,36,4
Leave Before You Love Me (with Jonas Brothers),"Marshmello, Jonas Brothers",2,2021,4,28,651732901,120,Major,72,67,72,0,0,13,4
Permission to Dance,BTS,1,2021,7,9,608334048,125,Major,70,65,74,1,0,34,4
Friday (feat. Mufasa & Hypeman) - Dopamine Re-Edit,"Riton, Nightcrawlers, Mufasa & Hypeman, Dopamine",4,2021,1,15,863756573,123,Major,82,80,86,1,0,30,13
RAPSTAR,Polo G,1,2021,4,9,797402345,81,Major,79,44,54,41,0,13,24
'Till I Collapse,"Eminem, Nate Dogg",2,2002,5,26,1695712020,171,Major,55,10,85,7,0,8,20
Memories,Maroon 5,1,2019,9,20,1759567999,91,Major,77,60,32,84,0,8,5
Se Le Ve,"Arcangel, De La Ghetto, Justin Quiles, Lenny TavÃ¯Â¿Â½Ã¯Â¿Â½rez, Sech, Dalex, Dimelo Flow, Rich Music",8,2021,8,12,223319934,84,Minor,56,61,76,10,0,14,11
25k jacket (feat. Lil Baby),"Gunna, Lil Baby",2,2022,1,7,54937991,115,Minor,90,74,54,16,0,13,28
When IÃ¯Â¿Â½Ã¯Â¿Â½Ã¯Â¿Â½m Gone (with Katy ,"Katy Perry, Alesso",2,2021,12,29,226897599,125,Major,69,70,89,4,0,49,3
EsqueÃ¯Â¿Â½Ã¯Â¿Â½a-Me Se For C,"MarÃ¯Â¿Â½Ã¯Â¿Â½lia MendonÃ¯Â¿Â½Ã¯Â¿Â½a, Maiara &",2,2021,10,14,258316038,122,Minor,80,62,69,28,0,13,7
MiÃ¯Â¿Â½Ã¯Â¿Â½n,"Tini, Maria Becerra",2,2021,4,29,596152090,92,Major,85,92,54,16,0,29,7
SÃ¯Â¿Â½Ã¯Â¿Â½,"Anuel Aa, Myke Towers, Jhay Cortez",3,2021,11,18,177129919,90,Minor,63,75,75,17,0,11,8
MAMIII,"Karol G, Becky G",2,2022,2,10,716591492,94,Minor,84,90,70,9,0,14,8
Still D.R.E.,"Dr. Dre, Snoop Dogg",2,1999,1,1,1210599487,93,Major,81,53,78,18,0,6,24
Stay Alive (Prod. SUGA of BTS),Jung Kook,1,2022,2,11,246376690,130,Minor,51,50,76,30,0,10,7
Boyfriend,Dove Cameron,1,2022,2,11,496311364,180,Minor,35,23,61,23,0,19,6
The Joker And The Queen (feat. Taylor Swift),"Ed Sheeran, Taylor Swift",2,2022,2,11,146789379,134,Major,53,31,31,92,0,28,3
The Next Episode,"Dr. Dre, Snoop Dogg",2,1999,1,1,843309044,95,Minor,92,31,89,3,0,8,25
Light Switch,Charlie Puth,1,2022,1,19,500340342,184,Major,69,91,63,11,0,9,31
City of Gods,"Kanye West, Alicia Keys, Fivio Foreign",3,2022,2,11,107255472,147,Minor,47,50,80,10,0,32,38
Brividi,"Mahmood, Blanco",2,2022,2,2,135079152,123,Major,52,44,60,40,0,26,3
Lost,Frank Ocean,1,2012,1,1,822239726,123,Minor,91,49,61,3,0,17,22
In Da Club,50 Cent,1,2002,1,1,1202722675,90,Minor,90,79,71,26,0,7,37
she's all i wanna be,Tate McRae,1,2022,2,4,343197054,160,Minor,61,65,64,1,0,12,4
Ginseng Strip 2002,Yung Lean,1,2013,8,16,240769997,115,Major,60,37,71,8,0,48,4
All For Us - from the HBO Original Series Euphoria,"Labrinth, Zendaya",2,2019,8,4,426204830,141,Major,37,17,67,2,0,34,9
Notion,The Rare Occasions,1,2016,8,5,421135627,160,Major,31,30,88,7,0,8,8
Formula,Labrinth,1,2019,10,4,554875730,145,Major,57,23,66,4,6,15,4
Mount Everest,Labrinth,1,2019,6,21,467727006,89,Minor,46,43,43,23,8,8,22
Excuses,"Intense, AP Dhillon, Gurinder Gill",3,2020,7,24,327498031,95,Minor,84,49,72,8,0,15,8
Cigarettes,Juice WRLD,1,2021,12,10,185408548,160,Major,60,47,62,3,0,38,4
"CayÃ¯Â¿Â½Ã¯Â¿Â½ La Noche (feat. Cruz CafunÃ¯Â¿Â½Ã¯Â¿Â½, Abhir Hathi, Bejo, EL IMA)","Quevedo, La Pantera, Juseph, Cruz CafunÃ¯Â¿Â½Ã¯Â¿Â½, BÃ¯Â¿Â½Ã¯Â¿Â½jo, Abhir Hathi",7,2022,1,14,245400167,174,Minor,67,74,75,44,0,7,30
California Love - Original Version (Explicit),"Dr. Dre, 2Pac, Roger",3,1995,12,28,579395142,92,Major,77,76,84,3,0,38,4
Forgot About Dre,"Eminem, Dr. Dre",2,1999,1,1,675039469,134,Major,93,61,74,9,0,17,8
Down Under (feat. Colin Hay),"Luude, Colin Hay",2,2021,11,19,252871192,172,Minor,31,4,86,1,0,28,17
Mujeriego,Ryan Castro,1,2021,12,17,231996128,80,Major,76,92,62,6,0,8,13
HUMBLE.,Kendrick Lamar,1,2017,3,30,1929770265,150,Minor,91,42,60,0,0,9,12
Stan,"Eminem, Dido",2,1999,11,21,918915401,80,Minor,78,53,74,4,0,45,21
Contection,"GODZZ__-, Zakaria",2,2020,1,16,1180896317,166,Minor,81,83,75,14,0,29,34
Swim,Chase Atlantic,1,2017,10,4,498960285,120,Major,67,8,54,27,0,8,4
A Tu Merced,Bad Bunny,1,2020,2,29,685071800,92,Major,86,89,79,17,0,11,6
Numb Little Bug,Em Beihold,1,2022,1,28,258714692,85,Minor,74,61,52,30,0,26,9
212,"Mainstreet, Chefin",2,2022,1,15,143139338,154,Minor,79,86,52,66,0,9,7
ProblemÃ¯Â¿Â½,"Alvaro Diaz, Rauw Alejandro",2,2021,10,22,209768491,92,Minor,73,37,74,28,0,14,6
Bussin,"Nicki Minaj, Lil Baby",2,2022,2,11,64714573,140,Major,89,75,70,6,0,13,5
Worst Day,Future,1,2022,2,11,50746620,89,Major,65,60,60,11,0,10,40
Malvada,ZÃ¯Â¿Â½Ã¯Â¿Â½ Fe,1,2022,1,28,154119539,135,Minor,89,89,86,16,0,8,5
Hrs and Hrs,Muni Long,1,2021,11,19,181328253,140,Minor,51,66,53,60,0,11,18
Alien Blues,Vundabar,1,2015,7,24,370068639,82,Major,47,44,76,8,91,9,3
Thinking Out Loud,Ed Sheeran,1,2014,1,1,2280566092,79,Major,78,58,45,47,0,18,3
Still Don't Know My Name,Labrinth,1,2019,10,4,563902868,88,Major,31,31,63,47,27,21,12
Christmas Tree,V,1,2021,12,24,317622165,139,Major,44,18,38,70,0,12,4
Mal Feito - Ao Vivo,"MarÃ¯Â¿Â½Ã¯Â¿Â½lia MendonÃ¯Â¿Â½Ã¯Â¿Â½a, Hugo & G",2,2022,1,14,291709698,124,Minor,73,68,83,55,0,90,7
When I R.I.P.,Labrinth,1,2019,10,4,203680270,80,Minor,39,45,55,73,0,9,21
Do We Have A Problem?,"Nicki Minaj, Lil Baby",2,2022,2,4,81350745,120,Minor,84,54,51,47,0,12,40
Forever,Labrinth,1,2019,10,4,282883169,80,Minor,56,19,46,92,72,11,3
Gospel (with Eminem),"Eminem, Dr. Dre",2,2022,2,4,64787943,117,Major,92,62,86,11,0,24,24
SeÃ¯Â¿Â½Ã¯Â¿Â½o,"Shawn Mendes, Camila Cabello",2,2019,6,19,2484812918,117,Minor,76,77,52,4,0,8,3
NEW MAGIC WAND,"Tyler, The Creator",2,2019,5,16,461437791,140,Minor,62,46,73,10,0,67,11
Adore You,Harry Styles,1,2019,12,6,1439191367,99,Major,68,57,77,2,0,10,5
La Santa,"Daddy Yankee, Bad Bunny",2,2020,2,29,759208783,93,Major,74,59,87,3,0,8,5
Something In The Way - Remastered 2021,Nirvana,1,1991,9,24,368646862,106,Major,44,8,20,74,42,11,3
Sweetest Pie,"Dua Lipa, Megan Thee Stallion",2,2022,3,11,299634472,124,Major,81,68,63,17,0,10,22
Bam Bam (feat. Ed Sheeran),"Camila Cabello, Ed Sheeran",2,2022,3,4,756907987,95,Major,76,96,70,18,0,33,4
Una Noche en MedellÃ¯Â¿Â½,Cris Mj,1,2022,1,21,682475162,96,Minor,87,82,53,10,0,5,8
Envolver,Anitta,1,2021,11,11,546191065,92,Minor,81,40,73,15,0,9,8
Starlight,Dave,1,2022,3,3,229473310,124,Major,95,36,37,35,0,10,28
Hati-Hati di Jalan,Tulus,1,2022,3,3,202677468,72,Major,64,76,44,70,9,12,4
"I'm Tired - From ""Euphoria"" An Original HBO Series",Labrinth,1,2022,2,4,121913181,71,Minor,28,26,20,19,0,30,3
DANÃ¯Â¿Â½Ã¯Â¿Â½A,"Mc Pedrinho, Pedro Sampaio",2,2022,2,1,208166039,135,Minor,78,55,57,4,0,10,8
Yo Voy (feat. Daddy Yankee),Zion & Lennox,1,2004,5,4,527033089,95,Major,81,56,70,4,0,5,24
"Residente: Bzrp Music Sessions, Vol. 49","Residente, Bizarrap",2,2022,3,3,94616487,71,Minor,59,70,74,56,0,11,40
Jordan,Ryan Castro,1,2021,4,30,394030335,180,Minor,80,71,68,6,0,10,37
Nail Tech,Jack Harlow,1,2022,2,18,193443895,150,Minor,65,11,58,0,0,12,9
Chale,Eden MuÃ¯Â¿Â½Ã¯,1,2022,2,18,299648208,189,Major,55,86,44,40,0,7,4
DARARI,Treasure,1,2022,2,15,182978249,85,Major,72,55,64,49,0,7,4
Ya No Somos Ni Seremos,Christian Nodal,1,2022,2,18,319757142,140,Major,59,73,45,44,0,34,3
Thinking with My Dick,"Kevin Gates, Juicy J",2,2013,7,16,109091573,81,Major,77,68,70,6,0,17,20
Freaky Deaky,"Tyga, Doja Cat",2,2022,2,25,153240879,104,Minor,80,24,65,2,0,9,4
this is what falling in love feels like,JVKE,1,2021,9,3,346127840,129,Major,42,33,44,62,0,8,6
La Zona,Bad Bunny,1,2020,2,29,312622938,94,Minor,76,81,80,20,0,25,4
Bohemian Rhapsody - Remastered 2011,Queen,1,1975,10,31,2197010679,71,Minor,41,23,40,27,0,30,5
Hope,XXXTENTACION,1,2018,3,16,1200808494,146,Minor,59,23,46,66,0,15,6
Levitating,Dua Lipa,1,2020,3,27,797196073,103,Minor,69,90,88,5,0,29,8
Wake Me Up - Radio Edit,Avicii,1,2013,1,1,1970673297,124,Major,53,66,78,0,0,16,5
"jealousy, jealousy",Olivia Rodrigo,1,2021,5,21,665765558,164,Minor,70,71,58,24,0,7,13
MonÃ¯Â¿Â½Ã¯Â¿Â½y so,YEAT,1,2021,9,10,263779030,138,Major,69,35,57,12,0,10,9
Demasiadas Mujeres,C. Tangana,1,2020,10,8,339473453,126,Minor,67,37,46,13,0,10,39
Something Just Like This,"The Chainsmokers, Coldplay",2,2017,2,22,2204080728,103,Minor,61,47,65,3,0,17,4
Closer,"The Chainsmokers, Halsey",2,2016,5,31,2591224264,95,Major,75,64,52,41,0,11,3
O.O,NMIXX,1,2022,2,22,135444283,200,Minor,39,28,77,4,0,6,29
Somebody That I Used To Know,"Gotye, Kimbra",2,2011,1,1,1457139296,129,Major,86,75,52,54,0,10,4
Tom's Diner,"AnnenMayKantereit, Giant Rooks",2,2019,6,28,236872197,98,Minor,68,33,43,38,0,36,14
First Class,Jack Harlow,1,2022,4,8,694525298,107,Major,91,32,56,3,0,11,10
Plan A,Paulo Londra,1,2022,3,23,240661097,174,Major,58,56,83,5,0,7,4
Fuera del mercado,Danny Ocean,1,2022,2,17,421365166,92,Major,45,27,67,32,0,13,14
X Ã¯Â¿Â½Ã¯Â¿Â½LTIMA,"Daddy Yankee, Bad Bunny",2,2022,3,25,349746291,90,Major,81,59,83,9,0,11,5
When You're Gone,Shawn Mendes,1,2022,3,31,255120451,147,Major,60,58,69,2,0,58,4
In My Head,Lil Tjay,1,2022,4,1,190981339,143,Major,68,41,55,16,0,10,12
Wait a Minute!,Willow,1,2015,1,11,924193303,101,Minor,76,63,71,3,0,10,3
LOVE DIVE,IVE,1,2022,4,5,305771063,118,Minor,70,54,71,0,0,33,4
Pantysito,"Feid, Alejo, Robi",3,2022,3,18,273005485,98,Minor,83,63,74,14,0,16,6
Chance,Paulo Londra,1,2022,4,6,89566512,138,Minor,72,22,46,24,0,9,6
Cool for the Summer,Demi Lovato,1,2015,1,1,677389855,114,Minor,59,30,62,1,0,8,4
psychofreak (feat. WILLOW),"Camila Cabello, Willow",2,2022,4,7,75476209,180,Minor,63,45,64,34,0,9,8
Angel Baby,Troye Sivan,1,2021,9,9,408843328,145,Major,56,41,57,1,0,13,3
Vampiro,"MatuÃ¯Â¿Â½Ã¯Â¿Â½, Wiu, ",3,2022,1,30,187772591,115,Minor,78,63,64,1,0,7,4
Si Quieren Frontear,"De La Ghetto, Duki, Quevedo",3,2022,3,31,178512385,82,Major,79,48,84,13,0,21,23
Right On,Lil Baby,1,2022,4,8,101780047,166,Major,70,22,61,2,0,10,34
Me ArrepentÃ¯Â¿,"Ak4:20, Cris Mj, Pailita",3,2022,3,30,118381354,92,Major,86,91,79,29,0,60,16
That's Hilarious,Charlie Puth,1,2022,4,8,146363130,108,Major,71,55,44,74,0,11,6
Soy El Unico,Yahritza Y Su Esencia,1,2022,3,25,126443991,84,Minor,71,63,45,45,0,11,3
RUMBATÃ¯Â¿Â½,Daddy Yankee,1,2022,3,25,157990698,95,Minor,69,90,91,6,0,35,4
sentaDONA (Remix) s2,"LuÃ¯Â¿Â½Ã¯Â¿Â½sa Sonza, MC Frog, Dj Gabriel do Borel, Davi K",4,2022,3,17,176290831,135,Minor,93,77,45,25,0,13,27
Falling,Harry Styles,1,2019,12,13,1023187129,110,Major,57,6,27,84,0,9,3
Sigue,"Ed Sheeran, J Balvin",2,1996,11,24,106933107,88,Major,89,59,64,5,0,19,7
Fim de Semana no Rio,teto,1,2022,3,30,139193812,119,Minor,87,28,50,12,0,10,10
MANIAC,Stray Kids,1,2022,3,18,212234990,120,Major,58,71,80,15,0,7,41
There's Nothing Holdin' Me Back,Shawn Mendes,1,2016,9,23,1714490998,122,Major,86,97,80,36,0,9,6
IDGAF (with blackbear),"Blackbear, BoyWithUke",2,2022,3,18,197643795,98,Major,78,83,75,41,0,27,8
Golden,Harry Styles,1,2019,12,13,807015863,140,Minor,45,25,84,21,0,13,6
Get Lucky - Radio Edit,"Pharrell Williams, Nile Rodgers, Daft Punk",3,2013,1,1,933815613,116,Minor,79,87,81,4,0,10,4
Ain't Shit,Doja Cat,1,2021,6,25,499710590,124,Major,86,62,49,51,0,35,21
"Nobody Like U - From ""Turning Red""","Jordan Fisher, Josh Levi, Finneas O'Connell, 4*TOWN (From Disney and PixarÃ¯Â¿Â½Ã¯Â¿Â½Ã¯Â¿Â½s Turning Red), Topher Ngo, Grayson Vill",6,2022,2,25,120847157,105,Minor,91,73,72,13,0,9,15
Still Life,BIGBANG,1,2022,4,5,53909146,118,Major,68,24,58,44,0,6,3
Photograph,Ed Sheeran,1,2014,6,20,2236667932,108,Major,61,20,38,61,0,10,5
Love Yourself,Justin Bieber,1,2015,11,9,2123309722,100,Major,61,53,38,84,0,28,44
N95,Kendrick Lamar,1,2022,5,13,301242089,140,Minor,81,39,66,38,0,12,14
About Damn Time,Lizzo,1,2022,4,14,723894473,109,Minor,84,72,74,10,0,34,7
Die Hard,"Kendrick Lamar, Blxst, Amanda Reifer",3,2022,5,13,237351106,101,Minor,78,40,74,36,0,17,27
DespuÃ¯Â¿Â½Ã¯Â¿Â½s de la P,Bad Bunny,1,2022,5,6,461558540,78,Major,56,61,90,36,0,18,31
Un Ratito,Bad Bunny,1,2022,5,6,417230415,93,Minor,79,22,55,31,0,12,5
United In Grief,Kendrick Lamar,1,2022,5,13,156898322,87,Major,52,32,83,24,0,17,43
Father Time (feat. Sampha),"Kendrick Lamar, Sampha",2,2022,5,13,127309180,153,Minor,55,50,78,19,0,11,35
Yo No Soy Celoso,Bad Bunny,1,2022,5,6,313113297,142,Major,87,93,59,28,0,17,5
Rich Spirit,Kendrick Lamar,1,2022,5,13,173702135,96,Minor,85,41,43,39,0,12,21
Cooped Up (with Roddy Ricch),"Post Malone, Roddy Ricch",2,2022,5,12,271666301,125,Major,50,39,78,4,0,11,33
Me Fui de Vacaciones,Bad Bunny,1,2022,5,6,305650299,85,Major,71,43,65,23,0,9,5
Silent Hill,"Kendrick Lamar, Kodak Black",2,2022,5,13,123216717,140,Minor,92,78,57,46,0,14,9
La Corriente,"Tony Dize, Bad Bunny",2,2022,5,6,479655659,196,Minor,66,58,79,23,0,22,20
Count Me Out,Kendrick Lamar,1,2022,5,13,126191104,134,Major,78,51,43,69,0,14,9
Andrea,"Buscabulla, Bad Bunny",2,2022,5,6,344055883,103,Minor,80,45,62,76,0,10,38
Dos Mil 16,Bad Bunny,1,2022,5,6,338422004,130,Major,82,50,67,12,0,13,5
We Cry Together,"Kendrick Lamar, Taylour Paige",2,2022,5,13,68895644,108,Major,65,52,69,31,0,8,36
Savior,"Kendrick Lamar, Sam Dew, Baby Keem",3,2022,5,13,86176890,123,Major,61,66,71,53,0,32,46
Un Coco,Bad Bunny,1,2022,5,6,403231558,152,Major,84,74,69,21,0,18,6
Otro Atardecer,"Bad Bunny, The MarÃ¯Â¿Â½Ã¯",2,2022,5,6,319546754,108,Major,78,55,60,59,0,7,4
Worldwide Steppers,Kendrick Lamar,1,2022,5,13,61739839,72,Minor,56,56,47,76,0,8,36
Aguacero,Bad Bunny,1,2022,5,6,283359161,121,Minor,86,67,65,42,0,35,7
Purple Hearts,"Kendrick Lamar, Ghostface Killah, Summer Walker",3,2022,5,13,76831876,138,Minor,57,71,82,19,0,15,29
Un Verano Sin Ti,Bad Bunny,1,2022,5,6,283332261,188,Minor,50,41,50,69,0,12,6
ULTRA SOLO,"Polima WestCoast, Pailita",2,2022,2,14,307752576,110,Major,80,26,85,23,0,11,21
EnsÃ¯Â¿Â½Ã¯Â¿Â½Ã¯Â¿Â½Ã¯Â¿Â½ame ,Bad Bunny,1,2022,5,6,279737940,105,Major,81,77,79,19,0,47,8
El ApagÃ¯Â¿Â½,Bad Bunny,1,2022,5,6,212351890,118,Major,63,60,70,5,0,9,31
Callaita,"Bad Bunny, Tainy",2,2019,5,31,1304313953,176,Major,61,24,62,60,0,24,31
Dua Lipa,Jack Harlow,1,2022,5,6,150500965,158,Major,83,41,65,0,10,11,8
Agosto,Bad Bunny,1,2022,5,6,246127838,115,Minor,85,72,58,9,0,49,12
House Of Memories,Panic! At The Disco,1,2016,1,15,582863434,110,Minor,51,48,82,0,0,5,3
Mr. Morale,"Kendrick Lamar, Tanna Leone",2,2022,5,13,58687425,174,Major,73,26,54,30,0,34,32
That That (prod. & feat. SUGA of BTS),"PSY, Suga",2,2022,4,29,212109195,130,Major,91,91,96,3,0,3,9
In The Stars,Benson Boone,1,2022,4,29,382199619,78,Major,36,30,54,34,0,14,5
Rich - Interlude,Kendrick Lamar,1,2022,5,13,41210087,104,Major,44,74,42,88,0,9,9
SUPERMODEL,MÃ¯Â¿Â½Ã¯Â¿Â½ne,1,2022,5,13,231657891,121,Major,64,80,88,0,0,12,6
Stefania (Kalush Orchestra),KALUSH,1,2022,3,10,53729194,105,Major,83,32,82,14,0,12,4
Thousand Miles,The Kid Laroi,1,2022,4,22,244741137,81,Major,38,20,66,9,0,9,8
Crown,Kendrick Lamar,1,2022,5,13,42485571,170,Minor,37,14,24,80,0,11,4
Auntie Diaries,Kendrick Lamar,1,2022,5,13,37778188,78,Major,43,60,38,76,1,48,38
PUFFIN ON ZOOTIEZ,Future,1,2022,4,29,254218729,125,Major,88,28,66,6,0,13,31
Mirror,Kendrick Lamar,1,2022,5,13,53603447,92,Minor,66,29,65,23,0,8,7
Beautiful Girl,Luciano,1,2022,4,22,160035717,140,Minor,84,61,42,31,0,9,9
"Paulo Londra: Bzrp Music Sessions, Vol. 23","Bizarrap, Paulo Londra",2,2022,4,25,164163229,96,Major,61,32,90,25,0,10,9
Savior - Interlude,Kendrick Lamar,1,2022,5,13,37091576,118,Minor,66,83,43,84,0,19,19
Pasoori,"Shae Gill, Ali Sethi",2,2022,2,6,284249832,92,Minor,71,67,60,7,0,6,4
Mother I Sober (feat. Beth Gibbons of Portishead),"Kendrick Lamar, Beth Gibbons",2,2022,5,13,33381454,140,Minor,49,50,37,87,0,11,35
TUS LÃ¯Â¿Â½Ã¯Â¿Â½GR,"Sech, Mora",2,2022,4,1,184622518,174,Major,68,45,71,18,0,11,25
Where Did You Go?,"MNEK, Jax Jones",2,2022,1,26,300983101,127,Major,77,53,78,19,0,29,4
I Tried to Tell Y'all,"Ugly Dray, Tesla Jnr",2,2022,5,6,121077868,96,Major,71,37,52,62,0,11,36
Honest (feat. Don Toliver),"Justin Bieber, Don Toliver",2,2022,4,29,106919680,150,Minor,82,82,66,13,0,11,6
ZOOM,Jessi,1,2022,4,13,136996305,100,Major,87,46,60,1,0,13,16
SloMo,Chanel,1,2021,12,24,65719930,105,Minor,73,59,81,13,0,9,6
FEARLESS,LE SSERAFIM,1,2022,5,2,229497852,104,Major,86,43,62,5,0,13,14
10 Things I Hate About You,Leah Kate,1,2022,3,23,185550869,154,Major,54,45,79,1,0,17,5
SPACE MAN,Sam Ryder,1,2022,2,22,54682594,80,Major,47,33,83,18,0,10,5
With you,"HA SUNG WOON, Jimin",2,2022,4,24,240580042,150,Major,53,14,43,64,0,13,3
Iris,The Goo Goo Dolls,1,1998,3,31,1284942608,156,Minor,32,49,72,0,0,9,4
The Heart Part 5,Kendrick Lamar,1,2022,5,8,71423324,98,Minor,76,79,81,18,0,6,34
San Lucas,Kevin Kaarl,1,2019,11,7,244891912,92,Major,58,27,36,86,0,9,3
This Love (TaylorÃ¯Â¿Â½Ã¯Â¿Â½Ã¯Â¿Â½s Ve,Taylor Swift,1,2022,5,6,132171975,144,Major,47,7,50,32,0,7,4
Good Looking,Suki Waterhouse,1,2017,10,20,184706613,150,Major,37,27,56,8,0,13,3
Flowers,Lauren Spencer Smith,1,2021,8,9,184826429,138,Major,70,31,44,84,0,9,39
Yet To Come,BTS,1,2022,6,10,302006641,172,Major,56,68,89,4,0,33,19
Run BTS,BTS,1,2022,6,10,330881149,77,Major,72,70,82,2,0,4,17
Music For a Sushi Restaurant,Harry Styles,1,2022,5,20,334733572,107,Major,72,36,72,26,6,11,4
Matilda,Harry Styles,1,2022,5,20,366214458,114,Major,51,39,29,90,0,10,4
For Youth,BTS,1,2022,6,10,114546317,117,Major,63,29,51,43,0,25,4
Daylight,Harry Styles,1,2022,5,20,290833204,146,Major,69,63,45,48,0,18,4
Vegas (From the Original Motion Picture Soundtrack ELVIS),Doja Cat,1,2022,5,6,448500832,160,Minor,80,74,60,8,0,14,26
Cash In Cash Out,"Pharrell Williams, Tyler, The Creator, 21 Savage",4,2022,6,10,136676504,120,Major,88,15,56,1,0,8,6
Potion (with Dua Lipa & Young Thug),"Calvin Harris, Dua Lipa, Young Thug",3,2022,5,27,190625045,100,Minor,82,76,70,16,0,8,5
Born Singer,BTS,1,2022,6,10,79095270,158,Minor,60,68,84,4,0,24,11
Little Freak,Harry Styles,1,2022,5,20,273194684,142,Major,56,40,54,72,0,10,4
La Llevo Al Cielo (Ft. Ã¯Â¿Â½Ã¯Â¿Â½engo F,"Nengo Flow, Anuel Aa, Chris Jedi, Chencho Corleone",4,2022,5,20,333146475,170,Minor,80,77,85,11,0,17,14
True Love,"Kanye West, XXXTENTACION",2,2022,5,27,194902696,84,Minor,71,39,86,2,0,51,25
Satellite,Harry Styles,1,2022,5,20,311482393,139,Major,58,30,46,14,0,9,3
Pass The Dutchie,Musical Youth,1,1982,1,1,195918494,151,Major,73,88,67,20,0,32,5
"Villano Antillano: Bzrp Music Sessions, Vol. 51","Bizarrap, Villano Antillano",2,2022,6,8,248511839,128,Minor,82,42,75,6,0,63,6
Love Of My Life,Harry Styles,1,2022,5,20,233671263,118,Major,56,20,54,67,0,6,5
Grapejuice,Harry Styles,1,2022,5,20,199587884,183,Major,65,88,72,36,14,20,3
So Good,Halsey,1,2022,6,9,91781263,83,Minor,63,29,62,4,0,18,4
Belly Dancer,"BYOR, Imanbek",2,2022,2,18,383835984,122,Major,85,42,80,6,0,17,14
Keep Driving,Harry Styles,1,2022,5,20,236060709,165,Major,72,90,48,32,0,18,23
Cinema,Harry Styles,1,2022,5,20,189236868,106,Minor,83,90,64,35,5,9,4
Die Young (feat. 347aidan),"Sleepy hallow, 347aidan",2,2022,5,25,160845341,77,Major,81,68,58,83,0,11,34
Only Love Can Hurt Like This,Paloma Faith,1,2014,1,1,588955257,91,Major,57,30,89,10,0,33,8
Hold My Hand,Lady Gaga,1,2022,5,3,238350348,148,Major,51,21,63,5,0,41,3
Daydreaming,Harry Styles,1,2022,5,20,187703102,114,Minor,71,90,81,31,2,13,3
Numb,"Marshmello, Khalid",2,2022,6,10,295307001,120,Minor,91,63,77,12,1,10,5
Nos Comemos (feat. Ozuna),"Ozuna, Tiago pzk",2,2022,6,2,138334433,92,Major,83,56,82,10,0,9,5
Me and Your Mama,Childish Gambino,1,2016,11,10,445590495,118,Major,56,25,45,1,3,7,3
Crazy What Love Can Do,"David Guetta, Ella Henderson, Becky Hill",3,2022,3,18,286739476,123,Minor,60,46,71,3,0,16,4
SLOW DANCING IN THE DARK,Joji,1,2018,9,12,1122364376,89,Major,52,28,48,54,1,19,3
Antes de Perderte,Duki,1,2022,6,2,157136970,110,Minor,81,61,93,49,0,12,11
Boyfriends,Harry Styles,1,2022,5,20,137070925,118,Major,42,32,20,94,0,11,4
295,Sidhu Moose Wala,1,2021,5,15,183273246,90,Minor,68,54,76,21,0,11,20
Tak Ingin Usai,Keisya Levronka,1,2022,5,13,184807630,130,Major,49,14,40,82,0,11,3
En El Radio Un Cochinero,Victor Cibrian,1,2022,5,13,164856284,154,Minor,70,97,62,47,0,10,4
Master of Puppets (Remastered),Metallica,1,1986,3,3,704171068,105,Minor,54,59,83,0,44,20,4
BREAK MY SOUL,BeyoncÃ¯Â¿,1,2022,6,21,354614964,115,Minor,70,87,88,4,0,26,8
ULTRA SOLO REMIX,"De La Ghetto, Feid, Polima WestCoast, Paloma Mami, Pailita",5,2022,6,16,279717388,110,Major,91,59,82,8,0,6,8
Massive,Drake,1,2022,6,17,195628667,125,Minor,51,5,68,12,2,15,6
Betty (Get Money),Yung Gravy,1,2022,6,10,221752937,102,Major,73,62,75,0,0,34,8
Ojos Marrones,Lasso,1,2022,2,6,263280370,120,Minor,81,72,65,4,0,14,4
POP!,Nayeon,1,2022,6,24,213505179,97,Major,80,36,86,4,0,3,5
Layla,"SchÃ¯Â¿Â½Ã¯Â¿Â½rze, DJ R",2,2022,3,24,130419412,140,Minor,44,41,92,0,0,44,7
MORE,j-hope,1,2022,7,1,155795783,97,Major,78,31,72,1,0,11,4
Sweet Child O' Mine,Guns N' Roses,1,1987,1,1,1553497987,125,Major,45,67,90,9,11,10,5
Last Last,Burna Boy,1,2022,5,12,293466523,88,Minor,80,55,56,13,0,8,9
SNAP,Rosa Linn,1,2022,3,19,711366595,170,Major,56,52,64,11,0,45,7
Sticky,Drake,1,2022,6,17,191448892,137,Minor,88,8,49,9,0,9,14
Hot Shit (feat. Ye & Lil Durk),"Kanye West, Lil Durk, Cardi B",3,2022,7,1,85924992,157,Major,88,52,69,0,0,8,23
Ai Preto,"L7nnon, DJ Biel do Furduncinho, Bianca",3,2022,6,3,176103902,130,Major,95,83,57,54,0,10,25
La Loto,"Anitta, Tini, Becky G",3,2022,7,6,121189256,90,Major,85,80,83,10,0,8,11
die first,Nessa Barrett,1,2022,6,24,131746175,183,Minor,44,44,67,7,0,12,13
Afraid To Feel,LF System,1,2022,5,2,244790012,128,Major,58,68,91,2,0,27,11
Baile no Morro,"Mc Vitin Da Igrejinha, MC Tairon, DJ Win",3,2022,6,10,129314708,130,Minor,71,78,40,46,0,7,45
cÃ¯Â¿Â½Ã¯Â¿Â½mo dormi,Rels B,1,2022,8,4,331511413,126,Major,63,56,43,24,0,12,23
Bad Decisions (with BTS & Snoop Dogg),"Snoop Dogg, BTS, Benny Blanco",3,2022,8,5,219196651,120,Major,77,94,87,2,0,23,12
STAYING ALIVE (feat. Drake & Lil Baby),"Drake, DJ Khaled, Lil Baby",3,2022,8,5,170732845,130,Minor,72,18,46,7,0,28,8
Caile,Luar La L,1,2020,12,18,273914335,122,Major,70,46,76,30,0,9,45
Si Te La Encuentras Por AhÃ¯Â¿,Feid,1,2022,8,5,179061440,172,Minor,74,46,58,15,0,13,8
GIVENCHY,Duki,1,2022,7,20,185236961,103,Major,61,38,62,14,0,23,40
ALIEN SUPERSTAR,BeyoncÃ¯Â¿,1,2022,7,29,171788484,122,Minor,55,46,64,0,0,17,10
Mary On A Cross,Ghost,1,2019,9,13,387080183,130,Major,47,56,90,0,0,10,4
Attention,NewJeans,1,2022,8,1,264717480,105,Minor,81,70,65,24,0,8,4
THE SHADE,Rex Orange County,1,2022,3,11,244928911,120,Major,90,73,51,39,0,9,6
"Come Back Home - From ""Purple Hearts""",Sofia Carson,1,2022,7,12,97610446,145,Major,56,43,53,24,0,12,4
El Rescate,"Grupo Marca Registrada, Junior H",2,2022,7,22,287278853,99,Minor,79,64,59,28,0,11,14
Heartless,Kanye West,1,2008,1,1,887906111,88,Minor,79,66,65,5,0,25,14
"Stay With Me (with Justin Timberlake, Halsey, & Pharrell)","Calvin Harris, Halsey, Pharrell Williams, Justin Timberlake",4,2022,7,15,123473120,126,Major,81,90,73,28,0,29,4
Siempre Pendientes,"Peso Pluma, Luis R Conriquez",2,2022,8,15,295152154,136,Major,77,71,75,33,1,13,4
JGL,"Luis R Conriquez, La Adictiva",2,2022,2,18,323455692,113,Major,70,97,59,55,0,27,12
Don't You Worry,"David Guetta, Shakira, Black Eyed Peas",3,2022,6,16,240918092,132,Major,82,49,88,20,0,21,3
Pipoco,"Melody, Ana Castela, Dj Chris No Beat",3,2022,5,20,191873381,135,Major,77,74,74,47,0,34,8
Hold Me Closer,"Elton John, Britney Spears",2,2017,11,10,284216603,126,Major,67,49,77,11,0,19,11
Forget Me,Lewis Capaldi,1,2022,9,9,239411309,102,Minor,67,72,74,30,0,36,4
After LIKE,IVE,1,2022,8,22,265548837,125,Major,68,80,92,10,0,9,12
Bound 2,Kanye West,1,2013,1,1,703301727,149,Major,37,28,66,14,0,9,5
B.O.T.A. (Baddest Of Them All) - Edit,"Interplanetary Criminal, Eliza Rose",2,2022,6,15,244585109,137,Major,74,71,89,24,61,15,5
Talk that Talk,TWICE,1,2022,8,26,189476119,120,Minor,77,78,91,14,0,33,12
BILLIE EILISH.,Armani White,1,2022,1,20,277132266,100,Major,90,75,50,11,0,9,26
Ferxxo 100,Feid,1,2022,6,3,278920007,164,Minor,70,58,57,25,0,15,7
KU LO SA - A COLORS SHOW,Oxlade,1,2022,6,10,222410722,93,Minor,65,79,66,31,0,22,7
Prohibidox,Feid,1,2022,9,13,185392587,180,Minor,65,52,80,5,0,6,25
Static,Steve Lacy,1,2022,7,15,202452860,79,Major,34,22,31,43,63,10,7
The Scientist,Coldplay,1,2002,8,5,1608164312,146,Major,56,21,44,73,0,11,2
Sparks,Coldplay,1,2000,7,10,624101957,103,Major,37,17,27,75,5,10,3
Talk,YEAT,1,2022,9,2,148461629,140,Minor,70,26,76,8,0,54,23
XQ Te Pones AsÃ¯Â¿,"Yandel, Feid",2,2022,9,13,47093942,92,Major,81,48,70,13,0,15,7
Selfish,PnB Rock,1,2016,6,23,380319238,102,Minor,64,4,60,11,0,19,4
Sin SeÃ¯Â¿Â½Ã¯,"Ovy On The Drums, Quevedo",2,2022,7,22,209106362,118,Minor,82,75,85,33,1,11,4
Lady Mi Amor,Feid,1,2022,9,13,53987404,93,Major,78,75,62,6,0,15,6
Poland,Lil Yachty,1,2022,6,23,115331792,150,Minor,70,26,56,14,83,11,5
THE LONELIEST,MÃ¯Â¿Â½Ã¯Â¿Â½ne,1,2022,10,7,225093344,130,Major,52,24,60,0,0,8,3
Bye Bye,"Marshmello, Juice WRLD",2,2022,10,14,84697729,83,Minor,65,24,53,6,0,51,4
BABY OTAKU,"Fran C, Polima WestCoast, Nickoog Clk, Pablito Pesadilla",4,2022,8,18,159240673,102,Major,84,43,75,5,0,6,8
Nxde,(G)I-DLE,1,2022,10,17,170709584,136,Minor,73,65,91,4,0,48,18
Miss You,Southstar,1,1982,5,16,154356956,145,Major,66,24,58,17,0,19,5
we fell in love in october,girl in red,1,2018,11,21,723043854,130,Major,57,24,37,11,18,16,3
2 Be Loved (Am I Ready),Lizzo,1,2022,7,14,247689123,156,Major,72,92,77,9,0,8,11
Celestial,Ed Sheeran,1,2022,9,29,176474912,123,Major,57,50,85,5,0,16,4
Typa Girl,BLACKPINK,1,2022,9,16,235549288,132,Major,92,53,62,7,0,63,10
I Really Want to Stay at Your House,"Rosa Walton, Hallie Coggins",2,2020,12,18,140430339,125,Minor,49,13,74,0,0,9,4
California Breeze,Lil Baby,1,2022,10,14,85559365,162,Minor,74,22,67,0,0,11,46
Bamba (feat. Aitch & BIA),"Luciano, Aitch, BÃ¯Â¿Â½",3,2022,9,22,146223492,138,Major,80,82,81,14,0,13,36
Casei Com a Putaria,"MC Ryan SP, Love Funk, Mc Paiva ZS",3,2022,7,1,187701588,161,Minor,59,62,60,12,0,5,44
Major Distribution,"Drake, 21 Savage",2,2022,11,4,154863153,131,Minor,91,23,55,1,0,7,32
Pussy & Millions (feat. Travis Scott),"Drake, Travis Scott, 21 Savage",3,2022,11,4,191333656,122,Minor,75,45,63,6,0,35,12
Vigilante Shit,Taylor Swift,1,2022,10,21,253650850,80,Minor,80,16,28,17,0,12,39
Question...?,Taylor Swift,1,2022,10,21,223064273,109,Major,75,11,50,20,0,30,17
On BS,"Drake, 21 Savage",2,2022,11,4,170413877,158,Major,84,33,36,2,0,39,59
Mastermind,Taylor Swift,1,2022,10,21,218320587,126,Major,66,12,35,55,0,9,14
Circo Loco,"Drake, 21 Savage",2,2022,11,4,141720999,104,Major,73,25,61,1,0,32,7
Labyrinth,Taylor Swift,1,2022,10,21,187339835,110,Major,48,15,31,80,22,12,4
Spin Bout U,"Drake, 21 Savage",2,2022,11,4,198365537,130,Major,77,20,70,1,0,16,5
Sweet Nothing,Taylor Swift,1,2022,10,21,186104310,177,Major,34,39,16,97,0,12,5
"Would've, Could've, Should've",Taylor Swift,1,2022,10,21,177503916,158,Major,48,55,84,43,0,15,12
Con La Brisa,"Ludwig Goransson, Foudeqush",2,2022,11,4,71095708,114,Minor,62,25,44,51,33,14,3
Privileged Rappers,"Drake, 21 Savage",2,2022,11,4,112436403,144,Major,93,62,61,0,0,12,20
The Astronaut,Jin,1,2022,10,28,203436468,125,Major,54,22,76,0,0,14,3
BackOutsideBoyz,Drake,1,2022,11,4,93367537,142,Minor,85,40,43,4,0,39,32
Broke Boys,"Drake, 21 Savage",2,2022,11,4,106249219,120,Major,64,11,53,1,0,25,27
The Great War,Taylor Swift,1,2022,10,21,181382590,96,Major,57,55,74,22,0,8,4
My Mind & Me,Selena Gomez,1,2022,11,3,91473363,144,Major,60,24,39,57,0,8,3
Bigger Than The Whole Sky,Taylor Swift,1,2022,10,21,121871870,166,Major,42,7,24,83,1,12,6
A Veces (feat. Feid),"Feid, Paulo Londra",2,2022,11,3,73513683,92,Major,80,81,67,4,0,8,6
En La De Ella,"Feid, Sech, Jhayco",3,2022,10,20,133895612,97,Major,82,67,77,8,0,12,5
Alone,Burna Boy,1,2022,11,4,96007391,90,Minor,61,32,67,15,0,11,5
